Dias,Fecha,Total casos,Total altas,Total fallecidos,PCR 24,Nuevos casos,Nuevos fallecidos,Tasa de letalidad,Hospitalizados,UCI,Nuevos hospitalizados,Nuevas UCI,Total Casos A Coruna,Total Altas A Coruna,Total Fallecidos A Coruna,Total Hospitalizados A Coruna,Total UCI A Coruna,Total PCR A Coruna,Total Casos Ferrol,Total Altas Ferrol,Total Fallecidos Ferrol,Total Hospitalizados Ferrol,Total UCI Ferrol,Total PCR Ferrol,Total Casos Lugo,Total Altas Lugo,Total Fallecidos Lugo,Total Hospitalizados Lugo,Total UCI Lugo,Total PCR Lugo,Total Casos Ourense,Total Altas Ourense,Total Fallecidos Ourense,Total Hospitalizados Ourense,Total UCI Ourense,Total PCR Ourense,Total Casos Pontevedra,Total Altas Pontevedra,Total Fallecidos Pontevedra,Total Hospitalizados Pontevedra,Total UCI Pontevedra,Total PCR Pontevedra,Total Casos Santiago,Total Altas Santiago,Total Fallecidos Santiago,Total Hospitalizados Santiago,Total UCI Santiago,Total PCR Santiago,Total Casos Vigo,Total Altas Vigo,Total Fallecidos Vigo,Total Hospitalizados Vigo,Total UCI Vigo,Total PCR Vigo
0,04/03/2020,1,0,0,,1,0,0.0,1,0,1,0,,,,,,,,,,,,,,,,,,,,,,,,,,,,,,,,,,,,,,,,,,
1,05/03/2020,2,0,0,,1,0,0.0,2,0,1,0,,,,,,,,,,,,,,,,,,,,,,,,,,,,,,,,,,,,,,,,,,
2,06/03/2020,4,0,0,,2,0,0.0,2,0,0,2,,,,,,,,,,,,,,,,,,,,,,,,,,,,,,,,,,,,,,,,,,
3,07/03/2020,6,0,0,,2,0,0.0,2,1,0,0,,,,,,,,,,,,,,,,,,,,,,,,,,,,,,,,,,,,,,,,,,
4,08/03/2020,18,0,0,,12,0,0.0,2,2,0,0,,,,,,,,,,,,,,,,,,,,,,,,,,,,,,,,,,,,,,,,,,
5,09/03/2020,27,0,0,,9,0,0.0,2,2,0,0,,,,,,,,,,,,,,,,,,,,,,,,,,,,,,,,,,,,,,,,,,
6,10/03/2020,39,0,0,,12,0,0.0,2,2,0,0,,,,,,,,,,,,,,,,,,,,,,,,,,,,,,,,,,,,,,,,,,
7,11/03/2020,44,0,0,,5,0,0.0,17,2,0,15,,,,,,,,,,,,,,,,,,,,,,,,,,,,,,,,,,,,,,,,,,
8,12/03/2020,64,0,0,,20,0,0.0,17,5,3,0,,,,,,,,,,,,,,,,,,,,,,,,,,,,,,,,,,,,,,,,,,
9,13/03/2020,112,0,0,,48,0,0.0,26,7,2,9,,,,,,,,,,,,,,,,,,,,,,,,,,,,,,,,,,,,,,,,,,
10,14/03/2020,135,3,0,,23,0,0.0,27,7,0,1,,,,,,,,,,,,,,,,,,,,,,,,,,,,,,,,,,,,,,,,,,
11,15/03/2020,195,4,2,,60,2,1.025641026,33,8,1,6,,,,,,,,,,,,,,,,,,,28.0,0.0,0.0,3.0,0.0,,,,,,,,,,,,,,,,,,,
12,16/03/2020,245,4,2,,50,0,0.816326531,49,9,1,16,,,,,,,,,,,,,,,,,,,,,,0.0,0.0,,,,,,,,,,,,,,,,,10.0,2.0,
13,17/03/2020,292,4,3,,47,1,1.02739726,52,9,0,3,,,,,,,,,,,,,,,,,,,32.0,0.0,0.0,3.0,0.0,,,,,,,,,,,,,,,,,12.0,3.0,
14,18/03/2020,341,4,3,,49,0,0.8797653959999999,63,11,2,11,,,,,,,,,,,,,,,,,,,34.0,0.0,0.0,5.0,1.0,,,,,,,,,,,,,,,,,14.0,3.0,
15,19/03/2020,453,4,4,,112,1,0.883002208,99,15,4,36,,,,,,,,,,,,,,,,,,,46.0,0.0,0.0,5.0,1.0,,,,,,,,,,,,,,,,,22.0,3.0,
16,20/03/2020,578,5,5,,125,1,0.865051903,137,19,4,38,,,,,,,,,,,,,,,,,,,63.0,0.0,0.0,9.0,1.0,,,,,,,,,,,,,,,,,27.0,4.0,
17,21/03/2020,739,6,9,,161,4,1.217861976,166,28,9,29,,,,,,,,,,,,,,,,,,,75.0,0.0,1.0,13.0,1.0,,,,,,,,,,,,,,,,,35.0,4.0,
18,22/03/2020,915,16,12,,176,3,1.31147541,227,33,5,61,,,,,,,,,,,,,,,,,,,96.0,0.0,2.0,20.0,2.0,,,,,,,,,,,,,,,,,52.0,4.0,
19,23/03/2020,1208,19,18,,293,6,1.490066225,270,46,13,43,,,,,,,,,,,,,,,,,,,146.0,2.0,2.0,25.0,3.0,,,,,,,,,,,,,,,,,61.0,7.0,
20,24/03/2020,1415,19,20,,207,2,1.4134275619999999,337,54,8,67,,,,,,,,,,,,,,,,,,,156.0,2.0,2.0,28.0,3.0,,,,,,,,,,,,,,,,,67.0,10.0,
21,25/03/2020,1653,25,27,,238,7,1.633393829,409,69,15,72,,,,,,,,,,,,,,,,,,,190.0,2.0,2.0,47.0,6.0,,,,,,,,,,,,,,,,,87.0,13.0,
22,26/03/2020,1915,47,32,,262,5,1.671018277,499,86,17,90,,,,,,,,,,,,,,,,,,,237.0,2.0,3.0,64.0,10.0,,,,,,,,,,,,,,,,,113.0,14.0,
23,27/03/2020,2322,67,43,,407,11,1.8518518519999998,556,98,12,57,,,,,,,,,,,,,,,,,,,310.0,3.0,5.0,73.0,10.0,,,,,,,,,,,,,,,,,114.0,17.0,
24,28/03/2020,2772,95,47,,450,4,1.695526696,652,110,12,96,,,,,,,,,,,,,,,,,,,386.0,8.0,6.0,80.0,10.0,,,,,,,,,,,,,,,28.0,,167.0,22.0,
25,29/03/2020,3139,153,60,,367,13,1.9114367630000002,707,122,12,55,,,,,,,,,,,,,,,,,,,432.0,9.0,8.0,97.0,11.0,,,,,,,,,,,,,,,31.0,,187.0,25.0,
26,30/03/2020,3723,168,66,,584,6,1.7727639,766,134,12,59,,,,,,,,,,,,,,,,,,,499.0,11.0,9.0,107.0,11.0,,,,,,,,,,,,,,,34.0,,196.0,26.0,
27,31/03/2020,4039,187,84,,316,18,2.079722704,822,147,13,56,,,,,,,,,,,,,,,,,,,545.0,11.0,12.0,132.0,16.0,,,,,,,,,,,,,,,35.0,,205.0,28.0,
28,01/04/2020,4432,259,103,,393,19,2.32400722,807,157,10,-15,,,,,,,,,,,,,,,,,,,590.0,13.0,18.0,133.0,16.0,,,,,,,,,,,,,,,,,189.0,29.0,
29,02/04/2020,4842,333,120,,410,17,2.478314746,819,165,8,12,,,,,,,,,,,,,,,,,,,708.0,26.0,22.0,148.0,18.0,,,,,,,,,,,,,,,69.0,,206.0,32.0,
30,03/04/2020,5219,435,138,,377,18,2.64418471,870,176,11,51,,,,,,,,,,,,,,,,,,,746.0,26.0,26.0,170.0,18.0,,,,,,,,,,,,,,,84.0,,195.0,36.0,
31,04/04/2020,5625,531,159,,406,21,2.826666667,891,177,1,21,,,,,,,,,,,,,,,,,,,965.0,62.0,28.0,204.0,19.0,,,,,,,,,,,,,,,105.0,,200.0,36.0,
32,05/04/2020,5944,587,174,,319,15,2.927321669,893,169,-8,2,,,,,,,,,,,,,,,,,,,1033.0,79.0,33.0,193.0,18.0,,,,,,,,,,,,,,,110.0,,201.0,34.0,
33,06/04/2020,6151,610,190,,207,16,3.0889286289999998,939,168,-1,46,,,,,,,,,,,,,,,,,,,1111.0,83.0,36.0,201.0,20.0,,,,,,,,,,,,,,,117.0,,197.0,37.0,
34,07/04/2020,6331,688,204,,180,14,3.222239773,910,162,-6,-29,,,,,,,,,,,,,,,,,,,1125.0,88.0,38.0,217.0,22.0,,,,,,,,,,,,,,,132.0,,186.0,34.0,
35,08/04/2020,6538,800,213,,207,9,3.2578770269999997,835,158,-4,-75,,,,,,,,,,,,,,,,,,,1160.0,105.0,54.0,206.0,22.0,3928.0,,,,,,,,,,,,,,150.0,,168.0,35.0,
36,09/04/2020,6758,910,231,,220,18,3.418171057,794,154,-4,-41,,,,,,,,,,,,,,,,,,,1225.0,125.0,59.0,210.0,22.0,4237.0,,,,,,,,,,,,,,169.0,,150.0,34.0,
37,10/04/2020,6946,997,243,,188,12,3.498416355,766,149,-5,-28,,,,,,,,,,,,,,,,,,,1289.0,141.0,66.0,194.0,23.0,4848.0,,,,,,,,,,,,,,179.0,,150.0,31.0,
38,11/04/2020,7176,1082,261,,230,18,3.6371237460000003,716,143,-6,-50,,,,,,,,,,,,,,,,,,,1354.0,153.0,72.0,208.0,24.0,5364.0,,,,,,,,,,,,,,209.0,,131.0,26.0,
39,12/04/2020,7336,1143,274,,160,13,3.7350054530000003,742,140,-3,26,,,,,,,,,,,,,,,,,,,1396.0,166.0,76.0,197.0,23.0,,,,,,,,,,,,,,,239.0,,141.0,26.0,
40,13/04/2020,7494,1186,284,,158,10,3.789698425,735,136,-4,-7,,,,,,,,,,,,,,,,,,,1430.0,187.0,77.0,180.0,23.0,,,,,,,,,,,,,,,246.0,,134.0,24.0,
41,14/04/2020,7597,1240,290,,103,6,3.8172963010000003,733,133,-3,-2,,,,,,,,,,,,,,,,,,,1458.0,191.0,80.0,193.0,24.0,,,,,,,,,,,,,,,271.0,,126.0,25.0,
42,15/04/2020,7708,1298,299,,111,9,3.8790866630000003,746,128,-5,13,,,,,,,,,,,,,,,,,,,1474.0,200.0,81.0,210.0,22.0,7267.0,,,,,,,,,,,,,,279.0,,130.0,27.0,
43,16/04/2020,7873,1383,310,,165,11,3.9375079389999996,678,123,-5,-68,,,,,,,,,,,,,,,,,,,1495.0,209.0,83.0,204.0,22.0,8147.0,,,,,,,,,,,,,,300.0,,117.0,26.0,
44,17/04/2020,8013,1456,320,,140,10,3.993510545,642,117,-6,-36,,,,,,,,,,,,,,,,,,,1519.0,228.0,84.0,187.0,19.0,8816.0,,,,,,,,,,,,,,314.0,,111.0,26.0,
45,18/04/2020,8084,1507,334,,71,14,4.1316180110000005,598,115,-2,-44,,,,,,,,,,,,,,,,,,,1531.0,245.0,86.0,183.0,19.0,9282.0,,,,,,,,,,,,,,325.0,,98.0,25.0,
46,19/04/2020,8185,1536,346,,101,12,4.22724496,596,112,-3,-2,,,,,,,,,,,,,,,,,,,1571.0,247.0,91.0,187.0,18.0,9917.0,,,,,,,,,,,,,,330.0,,96.0,24.0,
47,20/04/2020,8299,1548,352,,114,6,4.241474876,601,108,-4,5,,,,,,,,,,,,,,,,,,,1583.0,248.0,92.0,187.0,17.0,10473.0,,,,,,,,,,,,,,336.0,,91.0,23.0,
48,21/04/2020,8468,1588,360,,169,8,4.251299008,603,101,-7,2,,,,,,,,,,,,,,,,,,,1642.0,254.0,95.0,188.0,16.0,10523.0,,,,,,,,,,,,,,344.0,,96.0,23.0,
49,22/04/2020,8634,1625,368,,166,8,4.2622191339999995,585,96,-5,-18,,,,,,,,,,,,,,,,,,,1665.0,269.0,95.0,191.0,16.0,11580.0,,,,,,,,,,,,,,352.0,,78.0,21.0,
50,23/04/2020,8805,1676,375,,171,7,4.258943782,568,92,-4,-17,,,,,,,,,,,,,,,,,,,1685.0,275.0,99.0,185.0,16.0,12067.0,,,,,,,,,,,,,,370.0,,77.0,19.0,
51,24/04/2020,8932,1730,382,,127,7,4.276757725,531,87,-5,-37,,,,,,,,,,,,,,,,,,,1698.0,294.0,102.0,169.0,15.0,12272.0,,,,,,,,,,,,,,372.0,,69.0,17.0,
52,25/04/2020,9116,1783,388,,184,6,4.256252742,495,90,3,-36,,,,,,,,,,,,,,,,,,,1717.0,314.0,104.0,149.0,16.0,13124.0,,,,,,,,,,,,,,376.0,,72.0,19.0,
53,26/04/2020,9176,1803,394,,60,6,4.293809939,490,85,-5,-5,,,,,,,,,,,,,,,,,,,1730.0,317.0,106.0,154.0,14.0,13617.0,,,,,,,,,,,,,,380.0,,68.0,18.0,
54,27/04/2020,9238,1816,405,,62,11,4.384065815,507,83,-2,17,,,,,,,,,,,,,,,,,,,1754.0,328.0,111.0,154.0,14.0,14104.0,,,,,,,,,,,,,,384.0,,74.0,15.0,
55,28/04/2020,9328,1841,412,,90,7,4.416809605,495,73,-10,-12,,,,,,,,,,,,,,,,,,,1764.0,328.0,111.0,156.0,14.0,14369.0,,,,,,,,,,,,,,386.0,,71.0,12.0,
56,29/04/2020,9484,5393,551,,156,139,5.8097849010000004,482,73,0,-13,,,,,,,,,,,,,,,,,,,1791.0,964.0,112.0,152.0,13.0,14899.0,,,,,,,,,,,,,,860.0,,66.0,12.0,
57,30/04/2020,9579,5573,551,,95,0,5.752166197,334,47,-26,-148,,,,,,,,,,,,,,,,,,,1800.0,981.0,112.0,111.0,3.0,15478.0,,,,,,,,,,,,,,861.0,,54.0,11.0,
58,01/05/2020,9617,5816,558,,38,7,5.802225226,278,45,-2,-56,,,,,,,,,,,,,,,,,,,1812.0,1024.0,115.0,96.0,3.0,15882.0,,,,,,,,,,,,,,954.0,,45.0,11.0,
59,02/05/2020,9652,5981,563,,35,5,5.832987982000001,261,37,-8,-17,,,,,,,,,,,,,,,,,,,1821.0,1075.0,114.0,79.0,3.0,16044.0,,,,,,,,,,,,,,989.0,,37.0,9.0,
60,03/05/2020,9685,6075,569,,33,6,5.875064533,255,36,-1,-6,,,,,,,,,,,,,,,,,,,1833.0,1103.0,117.0,73.0,1.0,16166.0,,,,,,,,,,,,,,996.0,,39.0,9.0,
61,04/05/2020,9707,6234,575,,22,6,5.923560317000001,253,34,-2,-2,,,,,,,,,,,,,,,,,,,1842.0,1136.0,118.0,83.0,1.0,16259.0,,,,,,,,,,,,,,1057.0,,42.0,9.0,
62,05/05/2020,9783,6561,579,,76,4,5.918429929,226,37,3,-27,,,,,,,,,,,,,,,,,,,1851.0,1192.0,118.0,72.0,1.0,16387.0,,,,,,,,,,,,,,1106.0,,35.0,10.0,
63,06/05/2020,9996,6802,588,,213,9,5.882352941000001,206,30,-7,-20,,,,,,,,,,,,,,,,,,,1869.0,1287.0,120.0,62.0,3.0,16616.0,,,,,,,,,,,,,,1155.0,,31.0,7.0,
64,07/05/2020,10077,6959,591,,81,3,5.864840726000001,205,28,-2,-1,,,,,,,,,,,,,,,,,,,1886.0,1315.0,121.0,64.0,3.0,16779.0,,,,,,,,,,,,,,1203.0,,29.0,8.0,
65,08/05/2020,10221,7138,592,,144,1,5.791996869,196,26,-2,-9,,,,,,,,,,,,,,,,,,,1897.0,1343.0,122.0,69.0,2.0,16977.0,,,,,,,,,,,,,,1265.0,,32.0,7.0,
66,09/05/2020,10322,7225,595,,101,3,5.7643867470000005,183,24,-2,-13,,,,,,,,,,,,,,,,,,,1902.0,1353.0,123.0,71.0,3.0,17116.0,,,,,,,,,,,,,,1275.0,,32.0,7.0,
67,10/05/2020,10370,7347,596,,48,1,5.74734812,180,25,1,-3,,,,,,,,,,,,,,,,,,,1909.0,1379.0,123.0,66.0,3.0,17265.0,,,,,,,,,,,,,,1311.0,,33.0,7.0,
68,11/05/2020,10388,7444,597,,18,1,5.7470157870000005,191,26,1,11,,,,,,,,,,,,,,,,,,,1919.0,1390.0,124.0,69.0,3.0,17353.0,,,,,,,,,,,,,,1341.0,,37.0,8.0,
69,12/05/2020,10449,7820,598,,61,1,5.723035697,166,25,-1,-25,,,,,,,,,,,,,,,,,,,1923.0,1436.0,125.0,56.0,3.0,17567.0,,,,,,,,,,,,,,1436.0,,38.0,8.0,
70,13/05/2020,10495,7996,599,,46,1,5.707479752,144,22,-3,-22,,,,,,,,,,,,,,,,,,,1925.0,1467.0,126.0,50.0,3.0,17728.0,,,,,,,,,,,,,,1497.0,,27.0,8.0,
71,14/05/2020,10545,8157,603,,50,4,5.7183499289999995,123,21,-1,-21,,,,,,,,,,,,,,,,,,,1936.0,1487.0,128.0,46.0,3.0,17989.0,,,,,,,,,,,,,,1559.0,,20.0,7.0,
72,15/05/2020,10605,8283,603,,60,0,5.685997171,111,22,1,-12,,,,,,,,,,,,,,,,,,,1952.0,1504.0,128.0,42.0,3.0,18169.0,,,,,,,,,,,,,,1603.0,,20.0,7.0,
73,16/05/2020,10934,8820,604,,329,1,5.524053411000001,102,19,-3,-9,,,,,,,,,,,,,,,,,,,1961.0,1556.0,128.0,35.0,3.0,18332.0,,,,,,,,,,,,,,1689.0,,18.0,5.0,
74,17/05/2020,10960,9155,606,,26,2,5.52919708,94,18,-1,-8,,,,,,,,,,,,,,,,,,,1965.0,1627.0,129.0,34.0,3.0,18518.0,,,,,,,,,,,,,,1744.0,,15.0,4.0,
75,18/05/2020,10982,9204,607,,22,1,5.52722637,93,17,-1,-1,,,,,,,,,,,,,,,,,,,1965.0,1629.0,129.0,34.0,3.0,18591.0,,,,,,,,,,,,,,1761.0,,16.0,4.0,
76,19/05/2020,11024,9281,607,,42,0,5.50616836,92,15,-2,-1,,,,,,,,,,,,,,,,,,,1969.0,1650.0,129.0,29.0,2.0,18689.0,,,,,,,,,,,,,,1779.0,,19.0,4.0,
77,20/05/2020,11081,9411,607,,57,0,5.47784496,79,16,1,-13,,,,,,,,,,,,,,,,,,,1976.0,1676.0,129.0,24.0,2.0,18889.0,,,,,,,,,,,,,,1821.0,,12.0,4.0,
78,21/05/2020,11103,9505,608,,22,1,5.475997477999999,72,13,-3,-7,,,,,,,,,,,,,,,,,,,1979.0,1690.0,129.0,21.0,1.0,19033.0,,,,,,,,,,,,,,1840.0,,10.0,3.0,
79,22/05/2020,11137,9607,610,,34,2,5.477238035,72,12,-1,0,,,,,,,,,,,,,,,,,,,1982.0,1712.0,129.0,16.0,1.0,19200.0,,,,,,,,,,,,,,1848.0,,12.0,3.0,
80,23/05/2020,11180,9684,612,,43,2,5.474060822999999,66,11,-1,-6,,,,,,,,,,,,,,,,,,,1984.0,1727.0,130.0,16.0,1.0,19326.0,,,,,,,,,,,,,,1856.0,,10.0,3.0,
81,24/05/2020,11198,9716,613,,18,1,5.47419182,61,12,1,-5,,,,,,,,,,,,,,,,,,,1988.0,1734.0,130.0,16.0,1.0,19469.0,,,,,,,,,,,,,,1861.0,,9.0,3.0,
82,25/05/2020,11208,9740,614,,10,1,5.478229836000001,60,11,-1,-1,,,,,,,,,,,,,,,,,,,1994.0,1736.0,131.0,19.0,1.0,19546.0,,,,,,,,,,,,,,1867.0,,11.0,3.0,
83,26/05/2020,11212,9764,614,,4,0,5.476275418999999,52,7,-4,-8,,,,,,,,,,,,,,,,,,,1994.0,1742.0,131.0,16.0,1.0,19602.0,,,,,,,,,,,,,,1872.0,,7.0,2.0,
84,27/05/2020,11236,9798,615,,24,1,5.473478106,49,5,-2,-3,,,,,,,,,,,,,,,,,,,1995.0,1757.0,131.0,16.0,0.0,19785.0,,,,,,,,,,,,,,1872.0,,7.0,1.0,
85,28/05/2020,11263,9849,615,,27,0,5.460356921,37,5,0,-12,,,,,,,,,,,,,,,,,,,1995.0,1770.0,131.0,8.0,0.0,19912.0,,,,,,,,,,,,,,1859.0,,7.0,1.0,
86,29/05/2020,11284,9896,615,,21,0,5.450194966000001,37,5,0,0,,,,,,,,,,,,,,,,,,,1997.0,1777.0,131.0,7.0,0.0,20050.0,,,,,,,,,,,,,,1865.0,,9.0,2.0,
87,30/05/2020,11300,9936,615,,16,0,5.442477876,36,3,-2,-1,,,,,,,,,,,,,,,,,,,1999.0,1786.0,131.0,7.0,0.0,20188.0,,,,,,,,,,,,,,1865.0,,8.0,1.0,
88,31/05/2020,11306,9958,616,,6,1,5.44843446,33,4,1,-3,,,,,,,,,,,,,,,,,,,1999.0,1793.0,131.0,5.0,0.0,20318.0,,,,,,,,,,,,,,1870.0,,8.0,2.0,
89,01/06/2020,11308,9970,616,,2,0,5.447470817,32,2,-2,-1,,,,,,,,,,,,,,,,,,,1999.0,1793.0,131.0,5.0,0.0,20399.0,,,,,,,,,,,,,,1874.0,,4.0,0.0,
90,02/06/2020,11314,9991,616,,6,0,5.4445819339999995,27,3,1,-5,,,,,,,,,,,,,,,,,,,2001.0,1802.0,131.0,2.0,0.0,20482.0,,,,,,,,,,,,,,1877.0,,7.0,1.0,
91,03/06/2020,11328,10033,617,,14,1,5.446680791,28,1,-2,1,,,,,,,,,,,,,,,,,,,2002.0,1811.0,131.0,1.0,0.0,20622.0,,,,,,,,,,,,,,1883.0,,10.0,0.0,
92,04/06/2020,11335,10148,618,,7,1,5.452139391,23,1,0,-5,2756.0,2451.0,166.0,7.0,0.0,,613.0,560.0,33.0,2.0,0.0,,950.0,884.0,28.0,1.0,0.0,,2002.0,1818.0,132.0,1.0,0.0,20748.0,906.0,875.0,16.0,0.0,0.0,,1834.0,1613.0,109.0,8.0,1.0,,2274.0,1947.0,134.0,5.0,0.0,
93,05/06/2020,11359,10178,618,,24,0,5.440619773,26,1,0,3,2763.0,2465.0,166.0,7.0,0.0,33501.0,613.0,562.0,33.0,1.0,0.0,11964.0,953.0,888.0,28.0,2.0,0.0,16203.0,2002.0,1819.0,132.0,1.0,0.0,20892.0,910.0,878.0,16.0,0.0,0.0,12732.0,1842.0,1619.0,109.0,9.0,1.0,21810.0,2276.0,1947.0,134.0,7.0,0.0,31048.0
94,06/06/2020,11381,10221,618,,22,0,5.430102803,26,1,0,0,2768.0,2478.0,166.0,8.0,0.0,33812.0,613.0,566.0,33.0,2.0,0.0,12049.0,957.0,896.0,28.0,1.0,0.0,16345.0,2006.0,1825.0,132.0,2.0,0.0,20969.0,913.0,881.0,16.0,0.0,0.0,12864.0,1847.0,1628.0,109.0,7.0,1.0,21916.0,2277.0,1947.0,134.0,7.0,0.0,31287.0
95,07/06/2020,11384,10242,618,,3,0,5.42867182,22,1,0,-4,2769.0,2484.0,166.0,5.0,0.0,34080.0,613.0,566.0,33.0,1.0,0.0,12139.0,957.0,899.0,28.0,1.0,0.0,16435.0,2006.0,1830.0,132.0,2.0,0.0,21097.0,913.0,881.0,16.0,0.0,0.0,12970.0,1848.0,1632.0,109.0,6.0,1.0,22142.0,2278.0,1950.0,134.0,8.0,0.0,31635.0
96,08/06/2020,11385,10252,618,,1,0,5.428194992999999,19,1,0,-3,2769.0,2490.0,166.0,5.0,0.0,34371.0,613.0,567.0,33.0,1.0,0.0,12202.0,957.0,899.0,28.0,1.0,0.0,16515.0,2006.0,1831.0,132.0,2.0,0.0,21195.0,913.0,881.0,16.0,0.0,0.0,13041.0,1849.0,1633.0,109.0,6.0,1.0,22308.0,2278.0,1951.0,134.0,5.0,0.0,31758.0
97,09/06/2020,11396,10275,618,,11,0,5.422955422999999,15,1,0,-4,2773.0,2495.0,166.0,4.0,0.0,34538.0,613.0,567.0,33.0,0.0,0.0,12274.0,958.0,899.0,28.0,1.0,0.0,16537.0,2008.0,1839.0,132.0,2.0,0.0,21254.0,914.0,885.0,16.0,0.0,0.0,13095.0,1852.0,1638.0,109.0,4.0,1.0,22488.0,2278.0,1952.0,134.0,5.0,0.0,31944.0
98,10/06/2020,11432,10338,618,,36,0,5.4058782370000005,10,0,-1,-5,2778.0,2511.0,166.0,3.0,0.0,34811.0,613.0,567.0,33.0,0.0,0.0,12412.0,962.0,903.0,28.0,1.0,0.0,16656.0,2012.0,1846.0,132.0,0.0,0.0,21431.0,915.0,888.0,16.0,0.0,0.0,13280.0,1855.0,1649.0,109.0,2.0,0.0,22786.0,2297.0,1974.0,134.0,4.0,0.0,32230.0
99,11/06/2020,11440,10356,619,,8,1,5.410839161,11,0,0,1,2782.0,2511.0,166.0,3.0,0.0,35199.0,613.0,567.0,33.0,0.0,0.0,12549.0,963.0,906.0,28.0,2.0,0.0,16791.0,2012.0,1849.0,132.0,0.0,0.0,21569.0,915.0,888.0,16.0,0.0,0.0,13357.0,1856.0,1655.0,109.0,2.0,0.0,23020.0,2299.0,1980.0,135.0,5.0,0.0,32563.0
100,12/06/2020,11446,10470,619,,6,0,5.408002796,8,0,0,-3,2782.0,2511.0,166.0,2.0,0.0,35450.0,613.0,568.0,33.0,0.0,0.0,12619.0,963.0,913.0,28.0,1.0,0.0,16880.0,2012.0,1852.0,132.0,0.0,0.0,21705.0,915.0,891.0,16.0,0.0,0.0,13431.0,1859.0,1716.0,109.0,2.0,0.0,23211.0,2302.0,2019.0,135.0,3.0,0.0,32740.0
101,13/06/2020,11454,10476,619,,8,0,5.404225597999999,7,0,0,-1,2785.0,2511.0,166.0,1.0,0.0,35717.0,614.0,569.0,33.0,0.0,0.0,12695.0,963.0,913.0,28.0,1.0,0.0,16971.0,2012.0,1852.0,132.0,0.0,0.0,21778.0,915.0,891.0,16.0,0.0,0.0,13563.0,1860.0,1717.0,109.0,2.0,0.0,23374.0,2305.0,2023.0,135.0,3.0,0.0,32977.0
102,14/06/2020,11456,10486,619,,2,0,5.403282122999999,8,0,0,1,2786.0,2511.0,166.0,2.0,0.0,35992.0,614.0,569.0,33.0,0.0,0.0,12809.0,964.0,915.0,28.0,2.0,0.0,17071.0,2012.0,1853.0,132.0,0.0,0.0,21935.0,915.0,891.0,16.0,0.0,0.0,13652.0,1860.0,1717.0,109.0,2.0,0.0,23646.0,2305.0,2030.0,135.0,2.0,0.0,33219.0
103,15/06/2020,11456,10489,619,,0,0,5.403282122999999,8,0,0,0,2786.0,2512.0,166.0,2.0,0.0,36233.0,614.0,569.0,33.0,0.0,0.0,12847.0,964.0,916.0,28.0,2.0,0.0,17126.0,2012.0,1854.0,132.0,0.0,0.0,22019.0,915.0,891.0,16.0,0.0,0.0,13736.0,1860.0,1717.0,109.0,2.0,0.0,23812.0,2305.0,2030.0,135.0,2.0,0.0,33329.0
104,16/06/2020,11459,10491,619,,3,0,5.4018675279999995,8,0,0,0,2787.0,2512.0,166.0,2.0,0.0,36430.0,614.0,569.0,33.0,0.0,0.0,12894.0,964.0,917.0,28.0,2.0,0.0,17161.0,2012.0,1854.0,132.0,0.0,0.0,22084.0,915.0,891.0,16.0,0.0,0.0,13815.0,1860.0,1718.0,109.0,1.0,0.0,23920.0,2307.0,2030.0,135.0,3.0,0.0,33495.0
105,17/06/2020,11463,10503,619,,4,0,5.399982552999999,7,0,0,-1,2790.0,2515.0,166.0,2.0,0.0,36761.0,614.0,569.0,33.0,0.0,0.0,13001.0,964.0,919.0,28.0,2.0,0.0,17267.0,2012.0,1855.0,132.0,0.0,0.0,22246.0,915.0,892.0,16.0,0.0,0.0,13937.0,1860.0,1721.0,109.0,1.0,0.0,24210.0,2308.0,2032.0,135.0,2.0,0.0,33773.0
106,18/06/2020,11468,10506,619,,5,0,5.397628182999999,6,0,0,-1,2790.0,2515.0,166.0,2.0,0.0,37115.0,614.0,569.0,33.0,0.0,0.0,13125.0,965.0,919.0,28.0,1.0,0.0,17389.0,2012.0,1855.0,132.0,0.0,0.0,22368.0,915.0,892.0,16.0,0.0,0.0,14051.0,1861.0,1721.0,109.0,1.0,0.0,24463.0,2311.0,2035.0,135.0,2.0,0.0,34051.0
107,19/06/2020,11478,10518,619,,10,0,5.3929255970000005,6,0,0,0,2792.0,2517.0,166.0,2.0,0.0,37316.0,614.0,569.0,33.0,0.0,0.0,13261.0,966.0,921.0,28.0,1.0,0.0,17488.0,2013.0,1857.0,132.0,0.0,0.0,22463.0,917.0,892.0,16.0,0.0,0.0,14125.0,1861.0,1723.0,109.0,1.0,0.0,24623.0,2315.0,2039.0,135.0,2.0,0.0,34293.0
108,20/06/2020,11489,10530,619,,11,0,5.387762207000001,6,0,0,0,2797.0,2521.0,166.0,2.0,0.0,37617.0,615.0,570.0,33.0,0.0,0.0,13451.0,966.0,921.0,28.0,1.0,0.0,17569.0,2013.0,1857.0,132.0,0.0,0.0,22563.0,917.0,893.0,16.0,0.0,0.0,14217.0,1861.0,1724.0,109.0,1.0,0.0,24795.0,2320.0,2044.0,135.0,2.0,0.0,34461.0
109,21/06/2020,11491,10532,619,,2,0,5.386824471000001,4,0,0,-2,2797.0,2522.0,166.0,1.0,0.0,37797.0,615.0,570.0,33.0,0.0,0.0,13551.0,966.0,921.0,28.0,1.0,0.0,17686.0,2013.0,1857.0,132.0,0.0,0.0,22716.0,917.0,893.0,16.0,0.0,0.0,14332.0,1863.0,1724.0,109.0,1.0,0.0,25002.0,2320.0,2045.0,135.0,1.0,0.0,34722.0
110,22/06/2020,11497,10535,619,,6,0,5.384013221,4,0,0,0,2798.0,2522.0,166.0,1.0,0.0,38067.0,615.0,570.0,33.0,0.0,0.0,13589.0,966.0,921.0,28.0,1.0,0.0,17745.0,2013.0,1857.0,132.0,0.0,0.0,22813.0,917.0,893.0,16.0,0.0,0.0,14371.0,1868.0,1725.0,109.0,1.0,0.0,25131.0,2320.0,2047.0,135.0,1.0,0.0,34858.0
111,23/06/2020,11499,10545,619,,2,0,5.3830767889999995,4,0,0,0,2798.0,2524.0,166.0,1.0,0.0,38165.0,615.0,570.0,33.0,0.0,0.0,13705.0,966.0,921.0,28.0,1.0,0.0,17789.0,2013.0,1860.0,132.0,0.0,0.0,22841.0,917.0,893.0,16.0,0.0,0.0,14408.0,1870.0,1730.0,109.0,1.0,0.0,25288.0,2320.0,2047.0,135.0,1.0,0.0,34930.0
112,24/06/2020,11504,10554,619,,5,0,5.380737135,4,0,0,0,2803.0,2529.0,166.0,1.0,0.0,38464.0,615.0,571.0,33.0,0.0,0.0,13804.0,966.0,921.0,28.0,1.0,0.0,17876.0,2013.0,1860.0,132.0,0.0,0.0,22995.0,917.0,893.0,16.0,0.0,0.0,14554.0,1870.0,1730.0,109.0,1.0,0.0,25536.0,2320.0,2050.0,135.0,1.0,0.0,35181.0
113,25/06/2020,11515,10563,619,,11,0,5.375597047,5,0,0,1,2803.0,2535.0,166.0,1.0,0.0,38690.0,615.0,571.0,33.0,0.0,0.0,13887.0,976.0,921.0,28.0,2.0,0.0,18380.0,2014.0,1860.0,132.0,0.0,0.0,23118.0,917.0,893.0,16.0,0.0,0.0,14671.0,1870.0,1733.0,109.0,1.0,0.0,25979.0,2320.0,2050.0,135.0,1.0,0.0,35479.0
114,26/06/2020,11520,10590,619,,5,0,5.3732638889999995,4,0,0,-1,2804.0,2557.0,166.0,1.0,0.0,38878.0,615.0,571.0,33.0,0.0,0.0,13971.0,980.0,921.0,28.0,2.0,0.0,18848.0,2014.0,1861.0,132.0,0.0,0.0,23513.0,917.0,893.0,16.0,0.0,0.0,14699.0,1870.0,1735.0,109.0,0.0,0.0,26055.0,2320.0,2052.0,135.0,1.0,0.0,35554.0
115,27/06/2020,11533,10606,619,,13,0,5.367207145,4,0,0,0,2810.0,2569.0,166.0,1.0,0.0,39045.0,615.0,571.0,33.0,0.0,0.0,14040.0,984.0,922.0,28.0,2.0,0.0,19740.0,2015.0,1861.0,132.0,0.0,0.0,23951.0,918.0,893.0,16.0,0.0,0.0,14909.0,1871.0,1736.0,109.0,0.0,0.0,26598.0,2320.0,2054.0,135.0,1.0,0.0,36086.0
116,28/06/2020,11540,10611,619,,7,0,5.363951473,4,0,0,0,2810.0,2572.0,166.0,1.0,0.0,39399.0,615.0,571.0,33.0,0.0,0.0,14135.0,989.0,922.0,28.0,2.0,0.0,19914.0,2015.0,1861.0,132.0,0.0,0.0,24355.0,918.0,893.0,16.0,0.0,0.0,15216.0,1871.0,1737.0,109.0,0.0,0.0,27056.0,2322.0,2055.0,135.0,1.0,0.0,36464.0
117,29/06/2020,11546,10615,619,,6,0,5.361164039,4,0,0,0,2810.0,2573.0,166.0,1.0,0.0,39762.0,615.0,571.0,33.0,0.0,0.0,14189.0,994.0,922.0,28.0,2.0,0.0,20657.0,2015.0,1861.0,132.0,0.0,0.0,24810.0,918.0,893.0,16.0,0.0,0.0,15286.0,1872.0,1739.0,109.0,0.0,0.0,27998.0,2322.0,2056.0,135.0,1.0,0.0,37015.0
118,30/06/2020,11556,10623,619,,10,0,5.356524749,4,0,0,0,2813.0,2577.0,166.0,1.0,0.0,39996.0,615.0,571.0,33.0,0.0,0.0,14322.0,999.0,922.0,28.0,2.0,0.0,21063.0,2016.0,1863.0,132.0,0.0,0.0,25328.0,919.0,893.0,16.0,0.0,0.0,15492.0,1872.0,1739.0,109.0,0.0,0.0,28588.0,2322.0,2058.0,135.0,1.0,0.0,37385.0
119,01/07/2020,11565,10633,619,,9,0,5.3523562469999995,3,0,0,-1,2816.0,2580.0,166.0,1.0,0.0,40571.0,615.0,572.0,33.0,0.0,0.0,14452.0,1005.0,925.0,28.0,2.0,0.0,21619.0,2016.0,1864.0,132.0,0.0,0.0,25889.0,919.0,893.0,16.0,0.0,0.0,15710.0,1872.0,1740.0,109.0,0.0,0.0,29242.0,2322.0,2059.0,135.0,0.0,0.0,37891.0
120,02/07/2020,11585,10649,619,,20,0,5.343116098,4,0,0,1,2820.0,2581.0,166.0,1.0,0.0,41173.0,616.0,573.0,33.0,0.0,0.0,14577.0,1017.0,925.0,28.0,3.0,0.0,22119.0,2016.0,1866.0,132.0,0.0,0.0,26349.0,919.0,897.0,16.0,0.0,0.0,15935.0,1874.0,1741.0,109.0,0.0,0.0,29877.0,2323.0,2066.0,135.0,0.0,0.0,38298.0
121,03/07/2020,11602,10665,619,,17,0,5.335287019,4,0,0,0,2822.0,2593.0,166.0,1.0,0.0,41714.0,616.0,573.0,33.0,0.0,0.0,14933.0,1031.0,926.0,28.0,3.0,0.0,22485.0,2016.0,1867.0,132.0,0.0,0.0,26887.0,919.0,898.0,16.0,0.0,0.0,16267.0,1874.0,1741.0,109.0,0.0,0.0,30912.0,2324.0,2067.0,135.0,0.0,0.0,38747.0
122,04/07/2020,11620,10722,619,,18,0,5.327022375,4,0,0,0,2825.0,2609.0,166.0,1.0,0.0,42181.0,616.0,576.0,33.0,0.0,0.0,15267.0,1046.0,931.0,28.0,3.0,0.0,22999.0,2016.0,1874.0,132.0,0.0,0.0,27208.0,919.0,899.0,16.0,0.0,0.0,16459.0,1874.0,1745.0,109.0,0.0,0.0,31661.0,2324.0,2088.0,135.0,0.0,0.0,39381.0
123,05/07/2020,11681,10808,619,,61,0,5.299203835,6,0,0,2,2826.0,2630.0,166.0,1.0,0.0,42600.0,616.0,581.0,33.0,0.0,0.0,15380.0,1103.0,932.0,28.0,5.0,0.0,23406.0,2016.0,1881.0,132.0,0.0,0.0,27514.0,919.0,901.0,16.0,0.0,0.0,16686.0,1876.0,1754.0,109.0,0.0,0.0,31954.0,2325.0,2129.0,135.0,0.0,0.0,39911.0
124,06/07/2020,11681,10808,619,,0,0,5.299203835,6,0,0,0,2826.0,2630.0,166.0,1.0,0.0,43024.0,616.0,581.0,33.0,0.0,0.0,15692.0,1103.0,932.0,28.0,5.0,0.0,24131.0,2016.0,1881.0,132.0,0.0,0.0,27570.0,919.0,901.0,16.0,0.0,0.0,16875.0,1876.0,1754.0,109.0,0.0,0.0,32085.0,2325.0,2129.0,135.0,0.0,0.0,40303.0
125,07/07/2020,11692,10817,619,,11,0,5.294218269,7,0,0,1,2826.0,2636.0,166.0,1.0,0.0,43246.0,617.0,582.0,33.0,0.0,0.0,16003.0,1111.0,932.0,28.0,6.0,0.0,24248.0,2016.0,1881.0,132.0,0.0,0.0,28196.0,920.0,901.0,16.0,0.0,0.0,17119.0,1876.0,1754.0,109.0,0.0,0.0,32200.0,2326.0,2131.0,135.0,0.0,0.0,40654.0
126,08/07/2020,11708,10844,619,,16,0,5.286983258999999,7,0,0,0,2827.0,2636.0,166.0,1.0,0.0,43671.0,617.0,582.0,33.0,0.0,0.0,16336.0,1126.0,932.0,28.0,6.0,0.0,24763.0,2016.0,1882.0,132.0,0.0,0.0,28460.0,920.0,901.0,16.0,0.0,0.0,17249.0,1876.0,1754.0,109.0,0.0,0.0,32494.0,2326.0,2157.0,135.0,0.0,0.0,41355.0
127,09/07/2020,11755,10880,619,,47,0,5.2658443219999995,7,0,0,0,2830.0,2642.0,166.0,1.0,0.0,44191.0,617.0,582.0,33.0,0.0,0.0,16750.0,1168.0,950.0,28.0,6.0,0.0,25056.0,2016.0,1883.0,132.0,0.0,0.0,29056.0,920.0,901.0,16.0,0.0,0.0,17563.0,1877.0,1754.0,109.0,0.0,0.0,32749.0,2327.0,2168.0,135.0,0.0,0.0,42028.0
128,10/07/2020,11776,10898,619,,21,0,5.2564538039999995,7,1,1,0,2833.0,2642.0,166.0,0.0,0.0,44730.0,617.0,582.0,33.0,0.0,0.0,17076.0,1183.0,959.0,28.0,6.0,0.0,25470.0,2017.0,1883.0,132.0,1.0,0.0,29811.0,921.0,901.0,16.0,0.0,0.0,17836.0,1877.0,1754.0,109.0,0.0,0.0,32970.0,2328.0,2177.0,135.0,1.0,1.0,42756.0
129,11/07/2020,11804,10926,619,,28,0,5.24398509,3,1,0,-4,2836.0,2648.0,166.0,0.0,0.0,45224.0,617.0,583.0,33.0,0.0,0.0,17351.0,1203.0,972.0,28.0,2.0,0.0,25745.0,2020.0,1883.0,132.0,1.0,0.0,30394.0,921.0,901.0,16.0,0.0,0.0,17947.0,1877.0,1754.0,109.0,0.0,0.0,33199.0,2330.0,2185.0,135.0,1.0,1.0,43384.0
130,12/07/2020,11812,10940,619,,8,0,5.240433458,4,1,0,1,2837.0,2652.0,166.0,0.0,0.0,45754.0,617.0,583.0,33.0,0.0,0.0,17644.0,1207.0,980.0,28.0,2.0,0.0,26429.0,2020.0,1884.0,132.0,1.0,0.0,30995.0,922.0,901.0,16.0,0.0,0.0,18180.0,1878.0,1755.0,109.0,0.0,0.0,33439.0,2331.0,2185.0,135.0,2.0,1.0,44058.0
131,13/07/2020,11824,10943,619,,12,0,5.23511502,6,1,0,2,2842.0,2652.0,166.0,1.0,0.0,46098.0,618.0,584.0,33.0,0.0,0.0,17718.0,1210.0,982.0,28.0,2.0,0.0,26642.0,2020.0,1884.0,132.0,1.0,0.0,31605.0,923.0,901.0,16.0,1.0,0.0,18403.0,1880.0,1755.0,109.0,0.0,0.0,33558.0,2331.0,2185.0,135.0,2.0,1.0,44563.0
132,14/07/2020,11829,10965,619,,5,0,5.23290219,6,1,0,0,2842.0,2653.0,166.0,1.0,0.0,46275.0,618.0,584.0,33.0,0.0,0.0,17938.0,1212.0,1001.0,28.0,2.0,0.0,26943.0,2022.0,1886.0,132.0,1.0,0.0,32226.0,924.0,901.0,16.0,1.0,0.0,18510.0,1880.0,1756.0,109.0,0.0,0.0,33685.0,2331.0,2184.0,135.0,2.0,1.0,45026.0
133,15/07/2020,11836,10979,619,,7,0,5.229807367,6,1,0,0,2845.0,2653.0,166.0,1.0,0.0,46934.0,618.0,584.0,33.0,0.0,0.0,18194.0,1213.0,1014.0,28.0,2.0,0.0,27139.0,2023.0,1887.0,132.0,1.0,0.0,33070.0,924.0,901.0,16.0,1.0,0.0,18749.0,1881.0,1757.0,109.0,0.0,0.0,33963.0,2332.0,2183.0,135.0,2.0,1.0,45465.0
134,16/07/2020,11864,11018,619,,28,0,5.2174645989999995,6,1,0,0,2860.0,2667.0,166.0,1.0,0.0,47641.0,618.0,584.0,33.0,0.0,0.0,18421.0,1220.0,1032.0,28.0,4.0,0.0,27516.0,2025.0,1889.0,132.0,0.0,0.0,33848.0,924.0,901.0,16.0,1.0,0.0,19027.0,1883.0,1762.0,109.0,0.0,0.0,34206.0,2334.0,2183.0,135.0,1.0,1.0,45794.0
135,17/07/2020,11877,11034,619,,13,0,5.21175381,6,1,0,0,2866.0,2673.0,166.0,1.0,0.0,48544.0,618.0,584.0,33.0,0.0,0.0,18523.0,1223.0,1035.0,28.0,5.0,0.0,28045.0,2025.0,1889.0,132.0,0.0,0.0,34049.0,925.0,901.0,16.0,0.0,0.0,19221.0,1885.0,1769.0,109.0,0.0,0.0,34392.0,2335.0,2183.0,135.0,1.0,1.0,46308.0
136,18/07/2020,11891,11054,619,,14,0,5.205617694,6,1,0,0,2873.0,2676.0,166.0,1.0,0.0,49185.0,618.0,584.0,33.0,0.0,0.0,18604.0,1227.0,1051.0,28.0,4.0,0.0,28392.0,2026.0,1889.0,132.0,1.0,0.0,34168.0,926.0,901.0,16.0,0.0,0.0,19441.0,1886.0,1770.0,109.0,0.0,0.0,34565.0,2335.0,2183.0,135.0,1.0,1.0,46727.0
137,19/07/2020,11896,11070,619,,5,0,5.203429723999999,8,0,-1,2,2874.0,2678.0,166.0,1.0,0.0,49908.0,618.0,585.0,33.0,0.0,0.0,18690.0,1230.0,1063.0,28.0,4.0,0.0,28746.0,2026.0,1889.0,132.0,1.0,0.0,34282.0,926.0,901.0,16.0,0.0,0.0,19652.0,1886.0,1770.0,109.0,1.0,0.0,34743.0,2336.0,2184.0,135.0,1.0,0.0,46994.0
138,20/07/2020,11903,11081,619,,7,0,5.200369655,7,0,0,-1,2876.0,2682.0,166.0,1.0,0.0,50276.0,618.0,585.0,33.0,0.0,0.0,18731.0,1233.0,1069.0,28.0,4.0,0.0,28982.0,2026.0,1889.0,132.0,1.0,0.0,34362.0,927.0,902.0,16.0,0.0,0.0,19778.0,1887.0,1770.0,109.0,1.0,0.0,34958.0,2336.0,2184.0,135.0,1.0,0.0,47179.0
139,21/07/2020,11914,11116,619,,11,0,5.195568239,7,0,0,0,2876.0,2679.0,166.0,0.0,0.0,50482.0,618.0,585.0,33.0,0.0,0.0,18812.0,1237.0,1103.0,28.0,4.0,0.0,29084.0,2029.0,1892.0,132.0,1.0,0.0,34443.0,927.0,902.0,16.0,0.0,0.0,19846.0,1890.0,1771.0,109.0,2.0,0.0,35058.0,2337.0,2184.0,135.0,1.0,0.0,47339.0
140,22/07/2020,11930,11131,619,,16,0,5.188600168,8,0,0,1,2882.0,2679.0,166.0,0.0,0.0,50940.0,618.0,585.0,33.0,0.0,0.0,18937.0,1240.0,1114.0,28.0,4.0,0.0,29339.0,2029.0,1892.0,132.0,1.0,0.0,34628.0,927.0,902.0,16.0,0.0,0.0,19986.0,1892.0,1772.0,109.0,1.0,0.0,35321.0,2342.0,2187.0,135.0,2.0,0.0,47636.0
141,23/07/2020,11969,11187,619,,39,0,5.171693542,8,0,0,0,2899.0,2694.0,166.0,1.0,0.0,51623.0,618.0,585.0,33.0,0.0,0.0,19039.0,1249.0,1147.0,28.0,3.0,0.0,29632.0,2030.0,1894.0,132.0,1.0,0.0,34788.0,929.0,904.0,16.0,0.0,0.0,20126.0,1893.0,1774.0,109.0,0.0,0.0,35590.0,2351.0,2189.0,135.0,3.0,0.0,47988.0
142,24/07/2020,11996,11197,619,,27,0,5.160053351,10,0,0,2,2903.0,2694.0,166.0,2.0,0.0,51954.0,618.0,585.0,33.0,0.0,0.0,19184.0,1260.0,1152.0,28.0,5.0,0.0,29863.0,2030.0,1894.0,132.0,1.0,0.0,34869.0,933.0,906.0,16.0,0.0,0.0,20262.0,1896.0,1776.0,109.0,0.0,0.0,35721.0,2356.0,2190.0,135.0,2.0,0.0,48428.0
143,25/07/2020,12026,11211,619,,30,0,5.147181108,10,1,1,0,2919.0,2701.0,166.0,4.0,0.0,52274.0,618.0,585.0,33.0,0.0,0.0,19286.0,1265.0,1157.0,28.0,4.0,0.0,30023.0,2032.0,1894.0,132.0,1.0,0.0,35002.0,938.0,907.0,16.0,0.0,0.0,20358.0,1897.0,1777.0,109.0,0.0,0.0,35930.0,2357.0,2190.0,135.0,2.0,1.0,48839.0
144,26/07/2020,12056,11220,619,,30,0,5.134372926,11,1,0,1,2926.0,2701.0,166.0,5.0,0.0,52563.0,618.0,585.0,33.0,0.0,0.0,19359.0,1276.0,1163.0,28.0,3.0,0.0,30332.0,2032.0,1894.0,132.0,1.0,0.0,35108.0,945.0,910.0,16.0,1.0,0.0,20495.0,1899.0,1777.0,109.0,0.0,0.0,36084.0,2360.0,2190.0,135.0,2.0,1.0,49211.0
145,27/07/2020,12079,11227,619,,23,0,5.124596407,12,1,0,1,2927.0,2703.0,166.0,5.0,0.0,52882.0,619.0,586.0,33.0,0.0,0.0,19418.0,1281.0,1163.0,28.0,3.0,0.0,30400.0,2033.0,1894.0,132.0,1.0,0.0,35210.0,946.0,912.0,16.0,1.0,0.0,20591.0,1904.0,1779.0,109.0,1.0,0.0,36224.0,2369.0,2190.0,135.0,2.0,1.0,49382.0
146,28/07/2020,12097,11236,619,,18,0,5.11697115,9,1,0,-3,2933.0,2704.0,166.0,4.0,0.0,53079.0,619.0,586.0,33.0,0.0,0.0,19510.0,1282.0,1169.0,28.0,1.0,0.0,30467.0,2033.0,1894.0,132.0,1.0,0.0,35275.0,948.0,912.0,16.0,1.0,0.0,20654.0,1910.0,1781.0,109.0,1.0,0.0,36422.0,2372.0,2190.0,135.0,2.0,1.0,49596.0
147,29/07/2020,12119,11251,619,,22,0,5.107682152,8,1,0,-1,2944.0,2707.0,166.0,4.0,0.0,53466.0,620.0,586.0,33.0,0.0,0.0,19607.0,1282.0,1174.0,28.0,1.0,0.0,30660.0,2033.0,1895.0,132.0,1.0,0.0,35418.0,948.0,912.0,16.0,1.0,0.0,20777.0,1916.0,1786.0,109.0,0.0,0.0,36735.0,2376.0,2191.0,135.0,2.0,1.0,50177.0
148,30/07/2020,12141,11262,619,,22,0,5.098426818,9,1,0,1,2955.0,2713.0,166.0,3.0,0.0,53831.0,621.0,586.0,33.0,0.0,0.0,19756.0,1282.0,1174.0,28.0,2.0,0.0,30859.0,2034.0,1895.0,132.0,2.0,0.0,35549.0,951.0,912.0,16.0,2.0,0.0,20960.0,1921.0,1789.0,109.0,0.0,0.0,37046.0,2377.0,2193.0,135.0,1.0,1.0,50543.0
149,31/07/2020,12171,11272,619,,30,0,5.0858598310000005,12,1,0,3,2971.0,2718.0,166.0,2.0,0.0,54193.0,621.0,586.0,33.0,0.0,0.0,19871.0,1284.0,1176.0,28.0,4.0,0.0,31021.0,2042.0,1895.0,132.0,4.0,0.0,35695.0,953.0,912.0,16.0,2.0,0.0,21109.0,1922.0,1790.0,109.0,0.0,0.0,37269.0,2378.0,2195.0,135.0,1.0,1.0,50854.0
150,01/08/2020,12216,11289,619,,45,0,5.067125082,13,1,0,1,2996.0,2723.0,166.0,4.0,0.0,54841.0,621.0,586.0,33.0,0.0,0.0,19972.0,1285.0,1183.0,28.0,4.0,0.0,31153.0,2045.0,1896.0,132.0,3.0,0.0,35851.0,959.0,917.0,16.0,2.0,0.0,21216.0,1925.0,1790.0,109.0,0.0,0.0,37448.0,2385.0,2194.0,135.0,1.0,1.0,51204.0
151,02/08/2020,12242,11302,619,,26,0,5.056363339,12,1,0,-1,3011.0,2727.0,166.0,4.0,0.0,55251.0,621.0,586.0,33.0,0.0,0.0,20090.0,1286.0,1188.0,28.0,3.0,0.0,31302.0,2046.0,1896.0,132.0,3.0,0.0,36019.0,960.0,919.0,16.0,2.0,0.0,21376.0,1926.0,1792.0,109.0,0.0,0.0,37723.0,2392.0,2194.0,135.0,1.0,1.0,51435.0
152,03/08/2020,12285,11307,619,,43,0,5.038665039,15,1,0,3,3037.0,2728.0,166.0,7.0,0.0,55681.0,622.0,586.0,33.0,0.0,0.0,20155.0,1289.0,1190.0,28.0,3.0,0.0,31421.0,2054.0,1896.0,132.0,3.0,0.0,36092.0,963.0,919.0,16.0,2.0,0.0,21500.0,1927.0,1794.0,109.0,0.0,0.0,37940.0,2393.0,2194.0,135.0,1.0,1.0,51585.0
153,04/08/2020,12312,11318,619,,27,0,5.027615335,15,2,1,0,3044.0,2728.0,166.0,9.0,1.0,55926.0,623.0,586.0,33.0,0.0,0.0,20236.0,1291.0,1192.0,28.0,3.0,0.0,31493.0,2058.0,1898.0,132.0,3.0,0.0,36206.0,964.0,919.0,16.0,1.0,0.0,21586.0,1935.0,1800.0,109.0,0.0,0.0,38098.0,2397.0,2195.0,135.0,1.0,1.0,51760.0
154,05/08/2020,12356,11331,619,,44,0,5.009711881,18,2,0,3,3059.0,2732.0,166.0,10.0,1.0,56285.0,624.0,586.0,33.0,0.0,0.0,20433.0,1299.0,1197.0,28.0,3.0,0.0,31674.0,2059.0,1898.0,132.0,3.0,0.0,36369.0,971.0,920.0,16.0,1.0,0.0,21726.0,1938.0,1801.0,109.0,0.0,0.0,38401.0,2406.0,2197.0,135.0,3.0,1.0,52268.0
155,06/08/2020,12400,11369,619,,44,0,4.991935484,17,2,0,-1,3075.0,2753.0,166.0,9.0,1.0,56744.0,624.0,586.0,33.0,0.0,0.0,20603.0,1300.0,1199.0,28.0,3.0,0.0,31880.0,2062.0,1898.0,132.0,3.0,0.0,36553.0,982.0,925.0,16.0,1.0,0.0,21879.0,1942.0,1803.0,109.0,0.0,0.0,38697.0,2415.0,2205.0,135.0,3.0,1.0,52622.0
156,07/08/2020,12444,11381,619,,44,0,4.974284796,21,2,0,4,3097.0,2754.0,166.0,10.0,1.0,57210.0,624.0,586.0,33.0,0.0,0.0,20724.0,1305.0,1205.0,28.0,3.0,0.0,32074.0,2064.0,1898.0,132.0,4.0,0.0,36722.0,984.0,925.0,16.0,1.0,0.0,22050.0,1949.0,1805.0,109.0,1.0,0.0,38995.0,2421.0,2208.0,135.0,4.0,1.0,53050.0
157,08/08/2020,12556,11403,620,,112,1,4.937878305,25,3,1,4,3170.0,2758.0,166.0,12.0,1.0,57720.0,625.0,586.0,33.0,0.0,0.0,20856.0,1323.0,1216.0,28.0,3.0,0.0,32248.0,2068.0,1898.0,133.0,3.0,0.0,36910.0,985.0,925.0,16.0,2.0,0.0,22217.0,1956.0,1807.0,109.0,1.0,0.0,39171.0,2429.0,2213.0,135.0,7.0,2.0,53388.0
158,09/08/2020,12640,11428,620,,84,0,4.905063291,23,2,-1,-2,3230.0,2762.0,166.0,14.0,1.0,58240.0,626.0,586.0,33.0,0.0,0.0,20939.0,1332.0,1229.0,28.0,4.0,0.0,32403.0,2073.0,1899.0,133.0,2.0,0.0,37063.0,985.0,926.0,16.0,1.0,0.0,22363.0,1958.0,1808.0,109.0,1.0,0.0,39495.0,2436.0,2218.0,135.0,4.0,1.0,53699.0
159,10/08/2020,12737,11446,621,,97,1,4.875559394,25,2,0,2,3303.0,2766.0,166.0,16.0,1.0,58760.0,627.0,585.0,33.0,0.0,0.0,21024.0,1339.0,1235.0,29.0,3.0,0.0,32520.0,2077.0,1898.0,133.0,2.0,0.0,37165.0,987.0,927.0,16.0,1.0,0.0,22501.0,1961.0,1812.0,109.0,1.0,0.0,39727.0,2443.0,2223.0,135.0,4.0,1.0,53931.0
160,11/08/2020,12815,11454,621,,78,0,4.84588373,31,2,0,6,3338.0,2766.0,166.0,20.0,1.0,59047.0,629.0,585.0,33.0,0.0,0.0,21128.0,1345.0,1236.0,29.0,3.0,0.0,32610.0,2081.0,1899.0,133.0,4.0,0.0,37318.0,990.0,929.0,16.0,1.0,0.0,22581.0,1965.0,1815.0,109.0,1.0,0.0,39942.0,2467.0,2224.0,135.0,4.0,1.0,54267.0
161,12/08/2020,12925,11476,622,,110,1,4.81237911,35,3,1,4,3400.0,2770.0,167.0,26.0,2.0,59740.0,640.0,587.0,33.0,0.0,0.0,21321.0,1356.0,1243.0,29.0,4.0,0.0,32899.0,2086.0,1899.0,133.0,3.0,0.0,37516.0,990.0,929.0,16.0,0.0,0.0,22750.0,1977.0,1823.0,109.0,1.0,0.0,40320.0,2476.0,2225.0,135.0,4.0,1.0,54902.0
162,13/08/2020,13067,11506,622,,142,0,4.760082651,40,1,-2,5,3492.0,2781.0,167.0,30.0,0.0,60589.0,649.0,587.0,33.0,0.0,0.0,21511.0,1369.0,1247.0,29.0,4.0,0.0,33177.0,2094.0,1900.0,133.0,3.0,0.0,37727.0,998.0,931.0,16.0,0.0,0.0,22950.0,1982.0,1830.0,109.0,1.0,0.0,40678.0,2483.0,2230.0,135.0,4.0,1.0,55483.0
163,14/08/2020,13203,11527,623,,136,1,4.718624555,42,0,-1,2,3578.0,2793.0,167.0,32.0,0.0,61368.0,656.0,588.0,33.0,0.0,0.0,21755.0,1377.0,1249.0,29.0,4.0,0.0,33528.0,2108.0,1901.0,134.0,2.0,0.0,38031.0,999.0,931.0,16.0,0.0,0.0,23139.0,1985.0,1834.0,109.0,2.0,0.0,40963.0,2500.0,2231.0,135.0,2.0,0.0,56028.0
164,15/08/2020,13340,11559,623,,137,0,4.670164918,44,0,0,2,3675.0,2808.0,167.0,31.0,0.0,62191.0,663.0,588.0,33.0,0.0,0.0,21978.0,1383.0,1250.0,29.0,4.0,0.0,33895.0,2116.0,1904.0,134.0,3.0,0.0,38237.0,1009.0,934.0,16.0,2.0,0.0,23316.0,1992.0,1837.0,109.0,2.0,0.0,41250.0,2502.0,2238.0,135.0,2.0,0.0,56595.0
165,16/08/2020,13494,11587,624,,154,1,4.624277457,48,3,3,4,3770.0,2824.0,167.0,39.0,2.0,63088.0,672.0,588.0,33.0,0.0,0.0,22213.0,1390.0,1251.0,29.0,5.0,1.0,34092.0,2134.0,1906.0,134.0,3.0,0.0,38519.0,1011.0,934.0,17.0,0.0,0.0,23552.0,2003.0,1839.0,109.0,3.0,0.0,41634.0,2514.0,2245.0,135.0,2.0,0.0,57087.0
166,17/08/2020,13633,11608,624,,139,0,4.577129025,57,5,2,9,3854.0,2835.0,167.0,49.0,4.0,63841.0,675.0,589.0,33.0,1.0,0.0,22324.0,1396.0,1257.0,29.0,5.0,1.0,34261.0,2155.0,1907.0,134.0,3.0,0.0,38712.0,1022.0,935.0,17.0,0.0,0.0,23783.0,2012.0,1840.0,109.0,3.0,0.0,41843.0,2519.0,2245.0,135.0,2.0,0.0,57339.0
167,18/08/2020,13755,11625,625,,122,1,4.543802254,55,6,1,-2,3929.0,2840.0,168.0,47.0,4.0,64272.0,681.0,589.0,33.0,0.0,0.0,22459.0,1402.0,1260.0,29.0,5.0,2.0,34376.0,2176.0,1911.0,134.0,4.0,0.0,38904.0,1027.0,935.0,17.0,0.0,0.0,23941.0,2017.0,1841.0,109.0,3.0,0.0,42178.0,2523.0,2249.0,135.0,2.0,0.0,57651.0
168,19/08/2020,13905,11657,625,,150,0,4.494786048,55,5,-1,0,3980.0,2852.0,168.0,46.0,4.0,65257.0,691.0,589.0,33.0,0.0,0.0,22705.0,1428.0,1263.0,29.0,5.0,1.0,34658.0,2191.0,1912.0,134.0,4.0,0.0,39225.0,1041.0,940.0,17.0,1.0,0.0,24183.0,2046.0,1846.0,109.0,3.0,0.0,42597.0,2528.0,2255.0,135.0,1.0,0.0,58343.0
169,20/08/2020,14110,11701,625,,205,0,4.429482636,64,6,1,9,4086.0,2872.0,168.0,53.0,4.0,66500.0,699.0,589.0,33.0,0.0,0.0,22994.0,1467.0,1268.0,29.0,6.0,1.0,35013.0,2203.0,1912.0,134.0,7.0,1.0,39559.0,1042.0,945.0,17.0,1.0,0.0,24432.0,2075.0,1853.0,109.0,2.0,0.0,43080.0,2538.0,2262.0,135.0,2.0,0.0,58913.0
170,21/08/2020,14360,11737,626,,250,1,4.359331476,67,6,0,3,4166.0,2883.0,169.0,56.0,4.0,67811.0,712.0,590.0,33.0,0.0,0.0,23263.0,1558.0,1273.0,29.0,5.0,1.0,35617.0,2226.0,1913.0,134.0,6.0,1.0,39855.0,1050.0,948.0,17.0,2.0,0.0,24702.0,2094.0,1855.0,109.0,2.0,0.0,43928.0,2554.0,2275.0,135.0,3.0,0.0,59515.0
171,22/08/2020,14594,11815,628,,234,2,4.303138276,63,8,2,-4,4270.0,2931.0,169.0,54.0,4.0,69304.0,722.0,592.0,33.0,0.0,0.0,23501.0,1591.0,1282.0,31.0,4.0,1.0,36057.0,2246.0,1917.0,134.0,6.0,1.0,40257.0,1065.0,952.0,17.0,3.0,2.0,24961.0,2140.0,1859.0,109.0,3.0,0.0,44820.0,2560.0,2282.0,135.0,3.0,0.0,60122.0
172,23/08/2020,14827,11889,632,,233,4,4.2624940989999995,66,10,2,3,4358.0,2979.0,172.0,52.0,4.0,70734.0,732.0,593.0,33.0,0.0,0.0,23798.0,1625.0,1289.0,32.0,5.0,1.0,36496.0,2258.0,1921.0,134.0,10.0,3.0,40460.0,1092.0,955.0,17.0,2.0,2.0,25273.0,2185.0,1864.0,109.0,3.0,0.0,45462.0,2577.0,2288.0,135.0,4.0,0.0,60636.0
173,24/08/2020,15041,11956,633,,214,1,4.208496775,70,12,2,4,4429.0,3020.0,173.0,55.0,6.0,71675.0,739.0,593.0,33.0,0.0,0.0,24042.0,1652.0,1299.0,32.0,5.0,1.0,36763.0,2272.0,1926.0,134.0,12.0,3.0,40742.0,1116.0,958.0,17.0,2.0,2.0,25485.0,2250.0,1867.0,109.0,4.0,0.0,46281.0,2583.0,2293.0,135.0,4.0,0.0,60859.0
174,25/08/2020,15232,12019,633,,191,0,4.15572479,73,13,1,3,4479.0,3066.0,173.0,56.0,6.0,72333.0,746.0,595.0,33.0,1.0,0.0,24220.0,1685.0,1301.0,32.0,6.0,2.0,37001.0,2286.0,1928.0,134.0,10.0,3.0,40892.0,1123.0,959.0,17.0,3.0,2.0,25629.0,2309.0,1871.0,109.0,6.0,0.0,46710.0,2604.0,2299.0,135.0,4.0,0.0,61377.0
175,26/08/2020,15517,12086,633,,285,0,4.079396791000001,84,13,0,11,4546.0,3098.0,173.0,60.0,6.0,73693.0,750.0,602.0,33.0,0.0,0.0,24490.0,1780.0,1307.0,32.0,12.0,2.0,37529.0,2309.0,1932.0,134.0,11.0,2.0,41274.0,1142.0,960.0,17.0,3.0,2.0,25923.0,2365.0,1874.0,109.0,6.0,0.0,47699.0,2625.0,2313.0,135.0,4.0,0.0,62158.0
176,27/08/2020,15757,12183,634,,240,1,4.023608555,95,12,-1,11,4623.0,3145.0,173.0,70.0,5.0,75303.0,765.0,613.0,33.0,0.0,0.0,24736.0,1838.0,1323.0,33.0,11.0,2.0,38029.0,2343.0,1943.0,134.0,13.0,3.0,41695.0,1158.0,962.0,17.0,3.0,2.0,26334.0,2392.0,1879.0,109.0,6.0,0.0,48446.0,2638.0,2318.0,135.0,4.0,0.0,62764.0
177,28/08/2020,16066,12292,635,,309,1,3.95244616,100,12,0,5,4727.0,3202.0,174.0,73.0,5.0,76632.0,773.0,617.0,33.0,0.0,0.0,25039.0,1911.0,1331.0,33.0,11.0,2.0,38714.0,2378.0,1952.0,134.0,17.0,3.0,42061.0,1175.0,971.0,17.0,3.0,2.0,26729.0,2445.0,1886.0,109.0,4.0,0.0,49323.0,2657.0,2333.0,135.0,4.0,0.0,63700.0
178,29/08/2020,16370,12438,636,,304,1,3.885155773,112,15,3,12,4848.0,3297.0,174.0,75.0,6.0,78185.0,782.0,622.0,33.0,2.0,0.0,25266.0,1983.0,1345.0,34.0,17.0,3.0,39479.0,2399.0,1964.0,134.0,19.0,4.0,42552.0,1198.0,976.0,17.0,6.0,2.0,27087.0,2476.0,1894.0,109.0,4.0,0.0,50231.0,2684.0,2340.0,135.0,6.0,1.0,64457.0
179,30/08/2020,16680,12556,639,,310,3,3.8309352519999997,119,17,2,7,4932.0,3374.0,175.0,73.0,7.0,79588.0,795.0,631.0,33.0,3.0,0.0,25485.0,2063.0,1353.0,35.0,21.0,3.0,40188.0,2429.0,1970.0,135.0,14.0,4.0,43003.0,1218.0,983.0,17.0,6.0,2.0,27477.0,2552.0,1903.0,109.0,7.0,0.0,51087.0,2691.0,2342.0,135.0,9.0,1.0,64975.0
180,31/08/2020,16954,12671,641,,274,2,3.7808186860000004,124,17,0,5,5015.0,3446.0,176.0,68.0,6.0,80655.0,802.0,636.0,33.0,3.0,0.0,25680.0,2123.0,1356.0,36.0,30.0,3.0,40922.0,2455.0,1980.0,135.0,20.0,4.0,43434.0,1231.0,988.0,17.0,6.0,2.0,27698.0,2607.0,1916.0,109.0,7.0,1.0,51689.0,2721.0,2349.0,135.0,9.0,1.0,65476.0
181,01/09/2020,17157,12771,644,,203,3,3.753569971,143,17,0,19,5081.0,3501.0,177.0,73.0,5.0,81371.0,815.0,638.0,33.0,4.0,0.0,26056.0,2163.0,1366.0,38.0,35.0,4.0,41690.0,2474.0,1996.0,135.0,22.0,4.0,43920.0,1239.0,989.0,17.0,8.0,2.0,28004.0,2643.0,1927.0,109.0,9.0,1.0,52202.0,2742.0,2354.0,135.0,9.0,1.0,65963.0
182,02/09/2020,17374,12879,644,,217,0,3.706688155,156,14,-3,13,5123.0,3558.0,177.0,75.0,4.0,82933.0,829.0,647.0,33.0,5.0,0.0,26496.0,2203.0,1376.0,38.0,39.0,3.0,42294.0,2502.0,2005.0,135.0,26.0,3.0,44339.0,1267.0,1000.0,17.0,8.0,2.0,28318.0,2686.0,1933.0,109.0,12.0,1.0,52885.0,2764.0,2360.0,135.0,9.0,1.0,66746.0
183,03/09/2020,17681,13039,650,,307,6,3.676262655,159,15,1,3,5224.0,3620.0,178.0,71.0,5.0,84386.0,841.0,658.0,33.0,6.0,0.0,26746.0,2248.0,1408.0,42.0,35.0,2.0,42992.0,2536.0,2015.0,135.0,30.0,4.0,44910.0,1291.0,1003.0,17.0,10.0,2.0,28717.0,2732.0,1963.0,110.0,11.0,1.0,53804.0,2809.0,2372.0,135.0,11.0,1.0,67895.0
184,04/09/2020,17938,13200,652,,257,2,3.634741889,171,15,0,12,5308.0,3683.0,179.0,73.0,6.0,85957.0,851.0,668.0,33.0,6.0,0.0,27016.0,2282.0,1441.0,42.0,47.0,3.0,43488.0,2572.0,2025.0,135.0,30.0,4.0,45299.0,1308.0,1011.0,18.0,8.0,0.0,29013.0,2776.0,1993.0,110.0,14.0,1.0,54606.0,2841.0,2379.0,135.0,12.0,1.0,68894.0
185,05/09/2020,18231,13438,656,,293,4,3.598266689,177,17,2,6,5407.0,3781.0,180.0,66.0,5.0,87303.0,860.0,679.0,33.0,6.0,0.0,27289.0,2333.0,1484.0,45.0,57.0,4.0,44151.0,2609.0,2057.0,135.0,30.0,5.0,45773.0,1348.0,1022.0,18.0,7.0,1.0,29439.0,2810.0,2023.0,110.0,15.0,1.0,55228.0,2864.0,2392.0,135.0,13.0,1.0,69872.0
186,06/09/2020,18483,13649,659,,252,3,3.5654385110000004,187,17,0,10,5481.0,3877.0,180.0,66.0,5.0,88888.0,875.0,685.0,33.0,8.0,0.0,27563.0,2380.0,1522.0,48.0,58.0,4.0,44667.0,2633.0,2069.0,135.0,34.0,5.0,46258.0,1371.0,1030.0,18.0,8.0,1.0,29738.0,2864.0,2066.0,110.0,17.0,1.0,55931.0,2879.0,2400.0,135.0,13.0,1.0,70912.0
187,07/09/2020,18697,13792,661,,214,2,3.535326523,194,21,4,7,5542.0,3928.0,180.0,68.0,6.0,89960.0,886.0,694.0,33.0,8.0,0.0,27755.0,2412.0,1546.0,50.0,60.0,5.0,45083.0,2667.0,2073.0,135.0,36.0,5.0,46707.0,1404.0,1043.0,18.0,10.0,1.0,30091.0,2897.0,2098.0,110.0,19.0,1.0,56458.0,2889.0,2410.0,135.0,15.0,3.0,71286.0
188,08/09/2020,18858,13965,662,,161,1,3.510446495,187,22,1,-7,5580.0,3986.0,180.0,67.0,7.0,90534.0,901.0,698.0,33.0,8.0,0.0,27913.0,2430.0,1579.0,50.0,54.0,4.0,45486.0,2683.0,2081.0,135.0,36.0,5.0,46872.0,1437.0,1048.0,18.0,10.0,2.0,30382.0,2926.0,2153.0,111.0,19.0,1.0,57044.0,2901.0,2420.0,135.0,15.0,3.0,71767.0
189,09/09/2020,19190,14158,663,,332,1,3.45492444,181,25,3,-6,5636.0,4031.0,181.0,63.0,9.0,91754.0,914.0,705.0,33.0,7.0,0.0,28192.0,2576.0,1602.0,50.0,67.0,5.0,46149.0,2695.0,2098.0,135.0,32.0,5.0,47151.0,1462.0,1065.0,18.0,10.0,2.0,30749.0,2978.0,2207.0,111.0,17.0,1.0,57725.0,2929.0,2450.0,135.0,13.0,4.0,72915.0
190,10/09/2020,19464,14434,671,,274,8,3.447390053,194,25,0,13,5700.0,4110.0,183.0,60.0,9.0,93304.0,923.0,714.0,33.0,6.0,0.0,28488.0,2627.0,1679.0,54.0,66.0,3.0,46826.0,2727.0,2118.0,136.0,33.0,5.0,47635.0,1490.0,1070.0,18.0,10.0,2.0,31301.0,3046.0,2276.0,112.0,19.0,2.0,58399.0,2951.0,2467.0,135.0,16.0,4.0,74050.0
191,11/09/2020,19707,14670,675,,243,4,3.42517887,201,26,1,7,5779.0,4192.0,184.0,62.0,9.0,94735.0,936.0,729.0,33.0,5.0,0.0,28776.0,2649.0,1738.0,56.0,69.0,4.0,47323.0,2734.0,2134.0,136.0,39.0,5.0,48126.0,1511.0,1080.0,18.0,10.0,2.0,31741.0,3119.0,2318.0,112.0,25.0,2.0,59080.0,2979.0,2479.0,136.0,18.0,4.0,74954.0
192,12/09/2020,19948,14933,677,,241,2,3.393823942,206,28,2,5,5823.0,4299.0,184.0,63.0,8.0,95733.0,948.0,735.0,33.0,6.0,0.0,29070.0,2698.0,1791.0,57.0,68.0,5.0,48232.0,2787.0,2164.0,137.0,37.0,5.0,48655.0,1546.0,1089.0,18.0,13.0,2.0,32154.0,3146.0,2355.0,112.0,28.0,2.0,59706.0,3000.0,2500.0,136.0,20.0,6.0,76058.0
193,13/09/2020,20183,15222,680,,235,3,3.3691720760000003,221,26,-2,15,5882.0,4394.0,184.0,70.0,8.0,97049.0,964.0,747.0,33.0,5.0,0.0,29343.0,2758.0,1886.0,58.0,66.0,3.0,49023.0,2800.0,2188.0,139.0,37.0,5.0,49359.0,1583.0,1095.0,18.0,14.0,2.0,32620.0,3175.0,2393.0,112.0,33.0,2.0,60372.0,3021.0,2519.0,136.0,22.0,6.0,76868.0
194,14/09/2020,20393,15440,686,,210,6,3.363899377,221,28,2,0,5941.0,4459.0,184.0,73.0,10.0,97903.0,969.0,750.0,33.0,5.0,0.0,29517.0,2789.0,1931.0,63.0,64.0,3.0,49408.0,2833.0,2210.0,139.0,40.0,5.0,49874.0,1618.0,1097.0,18.0,16.0,2.0,33070.0,3215.0,2463.0,112.0,34.0,2.0,61011.0,3028.0,2530.0,137.0,20.0,6.0,77329.0
195,15/09/2020,20646,15651,692,,253,6,3.3517388360000004,220,30,2,-1,5964.0,4532.0,185.0,73.0,9.0,98424.0,974.0,759.0,33.0,7.0,1.0,29733.0,2810.0,1971.0,66.0,61.0,4.0,49703.0,2874.0,2230.0,141.0,42.0,4.0,50259.0,1673.0,1103.0,18.0,16.0,3.0,33371.0,3292.0,2507.0,112.0,31.0,2.0,61621.0,3059.0,2549.0,137.0,21.0,7.0,78008.0
196,16/09/2020,20847,15829,696,,201,4,3.3386098719999997,211,29,-1,-9,6011.0,4587.0,187.0,66.0,8.0,99563.0,987.0,773.0,33.0,5.0,1.0,30050.0,2843.0,1994.0,68.0,61.0,4.0,50196.0,2897.0,2256.0,141.0,38.0,4.0,50676.0,1702.0,1107.0,18.0,15.0,3.0,33801.0,3324.0,2553.0,112.0,32.0,2.0,62397.0,3083.0,2559.0,137.0,23.0,7.0,79115.0
197,17/09/2020,21071,16064,697,,224,1,3.3078638889999996,201,28,-1,-10,6066.0,4643.0,187.0,60.0,8.0,100835.0,999.0,784.0,33.0,5.0,1.0,30320.0,2869.0,2026.0,69.0,59.0,3.0,50836.0,2931.0,2287.0,141.0,38.0,4.0,51205.0,1731.0,1128.0,18.0,19.0,3.0,34153.0,3353.0,2606.0,112.0,33.0,2.0,63135.0,3122.0,2590.0,137.0,18.0,7.0,80033.0
198,18/09/2020,21319,16297,703,,248,6,3.297528027,209,32,4,8,6141.0,4716.0,187.0,69.0,8.0,102449.0,1006.0,797.0,33.0,8.0,2.0,30805.0,2893.0,2074.0,73.0,55.0,3.0,51419.0,2968.0,2316.0,141.0,42.0,5.0,51687.0,1760.0,1130.0,19.0,22.0,5.0,34637.0,3385.0,2642.0,112.0,30.0,2.0,63937.0,3166.0,2622.0,138.0,17.0,7.0,81477.0
199,19/09/2020,21600,16525,708,,281,5,3.277777778,200,29,-3,-9,6216.0,4804.0,188.0,60.0,6.0,103782.0,1017.0,803.0,33.0,8.0,1.0,31090.0,2921.0,2100.0,76.0,55.0,3.0,51986.0,2999.0,2348.0,142.0,41.0,5.0,52219.0,1811.0,1141.0,19.0,24.0,5.0,35183.0,3424.0,2686.0,112.0,27.0,3.0,64630.0,3212.0,2643.0,138.0,17.0,6.0,82886.0
200,20/09/2020,21823,16758,712,,223,4,3.26261284,207,29,0,7,6262.0,4894.0,189.0,59.0,7.0,105259.0,1029.0,812.0,33.0,7.0,2.0,31309.0,2943.0,2137.0,78.0,55.0,3.0,52521.0,3043.0,2373.0,143.0,44.0,4.0,52734.0,1837.0,1160.0,19.0,24.0,5.0,35765.0,3467.0,2718.0,112.0,30.0,4.0,65427.0,3242.0,2664.0,138.0,20.0,4.0,83919.0
201,21/09/2020,22018,16995,717,,195,5,3.25642656,211,32,3,4,6314.0,4975.0,190.0,63.0,8.0,106291.0,1035.0,825.0,33.0,7.0,2.0,31512.0,2949.0,2178.0,82.0,57.0,4.0,52817.0,3080.0,2395.0,143.0,47.0,5.0,53377.0,1865.0,1179.0,19.0,21.0,5.0,36178.0,3502.0,2765.0,112.0,30.0,4.0,66376.0,3273.0,2678.0,138.0,19.0,4.0,84530.0
202,22/09/2020,22239,17167,721,,221,4,3.242052251,214,32,0,3,6352.0,5046.0,192.0,66.0,8.0,107061.0,1046.0,833.0,33.0,7.0,2.0,31758.0,2974.0,2205.0,82.0,59.0,4.0,53094.0,3110.0,2414.0,144.0,48.0,5.0,53834.0,1904.0,1183.0,19.0,20.0,5.0,36816.0,3540.0,2800.0,113.0,29.0,5.0,67073.0,3313.0,2686.0,138.0,18.0,3.0,85228.0
203,23/09/2020,22490,17308,722,,251,1,3.2103156960000003,217,32,0,3,6389.0,5086.0,193.0,59.0,7.0,108726.0,1061.0,839.0,33.0,9.0,2.0,32032.0,3000.0,2239.0,82.0,51.0,4.0,53633.0,3170.0,2423.0,145.0,57.0,6.0,54245.0,1954.0,1199.0,19.0,20.0,5.0,37422.0,3570.0,2822.0,115.0,31.0,5.0,67847.0,3346.0,2700.0,135.0,22.0,3.0,86477.0
204,24/09/2020,22759,17572,723,,269,1,3.176765236,200,34,2,-17,6461.0,5154.0,193.0,57.0,8.0,110459.0,1065.0,853.0,33.0,8.0,2.0,32330.0,3016.0,2292.0,83.0,50.0,5.0,54070.0,3255.0,2450.0,145.0,54.0,5.0,54900.0,1993.0,1214.0,19.0,20.0,5.0,38055.0,3603.0,2880.0,115.0,30.0,5.0,68685.0,3366.0,2729.0,135.0,18.0,4.0,87599.0
205,25/09/2020,22980,17802,726,,221,3,3.15926893,210,32,-2,10,6494.0,5191.0,194.0,61.0,7.0,112096.0,1070.0,865.0,33.0,8.0,2.0,32595.0,3047.0,2333.0,84.0,49.0,5.0,54751.0,3310.0,2496.0,146.0,56.0,5.0,55737.0,2027.0,1224.0,19.0,20.0,5.0,38805.0,3638.0,2945.0,115.0,33.0,5.0,69453.0,3394.0,2748.0,135.0,15.0,3.0,89212.0
206,26/09/2020,23247,18071,727,,267,1,3.127285241,201,35,3,-9,6559.0,5288.0,194.0,61.0,7.0,113814.0,1076.0,879.0,33.0,8.0,1.0,32885.0,3082.0,2355.0,85.0,45.0,7.0,55508.0,3364.0,2529.0,146.0,53.0,5.0,56549.0,2075.0,1246.0,19.0,19.0,6.0,39561.0,3660.0,2990.0,115.0,34.0,6.0,70242.0,3431.0,2784.0,135.0,16.0,3.0,90675.0
207,27/09/2020,23477,18316,729,,230,2,3.105166759,198,33,-2,-3,6601.0,5361.0,194.0,57.0,7.0,115426.0,1080.0,893.0,33.0,7.0,0.0,33149.0,3106.0,2430.0,87.0,39.0,7.0,56105.0,3421.0,2547.0,146.0,56.0,5.0,57192.0,2102.0,1257.0,19.0,19.0,5.0,40168.0,3715.0,3023.0,115.0,35.0,6.0,71433.0,3452.0,2805.0,135.0,18.0,3.0,91868.0
208,28/09/2020,23618,18534,731,,141,2,3.09509696,210,32,-1,12,6634.0,5441.0,194.0,61.0,7.0,116541.0,1087.0,901.0,33.0,7.0,0.0,33373.0,3119.0,2479.0,88.0,38.0,6.0,56655.0,3451.0,2561.0,147.0,59.0,5.0,57651.0,2123.0,1293.0,19.0,22.0,5.0,40916.0,3739.0,3041.0,115.0,36.0,6.0,72249.0,3465.0,2818.0,135.0,19.0,3.0,92309.0
209,29/09/2020,23777,18744,735,,159,4,3.09122261,212,28,-4,2,6660.0,5485.0,197.0,53.0,3.0,117183.0,1092.0,909.0,33.0,6.0,1.0,33618.0,3127.0,2500.0,88.0,40.0,5.0,56948.0,3502.0,2599.0,147.0,64.0,6.0,58951.0,2138.0,1326.0,19.0,22.0,5.0,41672.0,3780.0,3092.0,116.0,35.0,6.0,72796.0,3478.0,2833.0,135.0,21.0,3.0,92865.0
210,30/09/2020,23940,18949,740,,163,5,3.0910609860000005,210,27,-1,-2,6694.0,5521.0,198.0,52.0,3.0,118540.0,1094.0,913.0,33.0,5.0,1.0,33868.0,3150.0,2525.0,88.0,35.0,5.0,57510.0,3539.0,2624.0,150.0,64.0,6.0,60056.0,2157.0,1352.0,19.0,21.0,5.0,42499.0,3807.0,3153.0,117.0,39.0,4.0,73583.0,3499.0,2861.0,135.0,21.0,3.0,93866.0
211,01/10/2020,24135,19129,747,,195,7,3.0950901180000003,203,33,6,-7,6728.0,5563.0,201.0,47.0,3.0,120193.0,1096.0,934.0,33.0,5.0,1.0,34245.0,3170.0,2557.0,89.0,32.0,4.0,57993.0,3606.0,2655.0,152.0,74.0,9.0,61164.0,2172.0,1357.0,20.0,20.0,5.0,43193.0,3833.0,3182.0,117.0,36.0,5.0,74555.0,3530.0,2881.0,135.0,22.0,6.0,95388.0
212,02/10/2020,24341,19389,749,,206,2,3.0771126910000004,207,36,3,4,6759.0,5653.0,202.0,46.0,3.0,121842.0,1098.0,937.0,33.0,7.0,1.0,34492.0,3193.0,2578.0,89.0,27.0,5.0,58607.0,3691.0,2688.0,153.0,82.0,10.0,62045.0,2186.0,1401.0,20.0,20.0,6.0,43959.0,3872.0,3216.0,117.0,40.0,5.0,75655.0,3542.0,2916.0,135.0,21.0,6.0,96048.0
213,03/10/2020,24557,19714,750,,216,1,3.054118988,194,35,-1,-13,6798.0,5748.0,202.0,46.0,3.0,123365.0,1103.0,949.0,33.0,7.0,1.0,34805.0,3212.0,2620.0,89.0,27.0,5.0,59315.0,3772.0,2727.0,154.0,73.0,8.0,62977.0,2209.0,1466.0,20.0,21.0,7.0,45035.0,3908.0,3244.0,117.0,34.0,5.0,76613.0,3555.0,2960.0,135.0,22.0,6.0,97091.0
214,04/10/2020,24774,19981,752,,217,2,3.0354403810000004,192,36,1,-2,6833.0,5812.0,202.0,50.0,3.0,124873.0,1107.0,957.0,33.0,6.0,1.0,35028.0,3228.0,2645.0,89.0,30.0,5.0,60081.0,3869.0,2768.0,155.0,72.0,8.0,63695.0,2231.0,1521.0,21.0,21.0,7.0,45480.0,3928.0,3280.0,117.0,32.0,6.0,77739.0,3578.0,2998.0,135.0,20.0,6.0,98026.0
215,05/10/2020,25028,20170,757,,254,5,3.024612434,204,37,1,12,6880.0,5858.0,202.0,51.0,4.0,125961.0,1114.0,963.0,34.0,6.0,1.0,35315.0,3241.0,2656.0,90.0,34.0,5.0,60578.0,3986.0,2792.0,157.0,73.0,7.0,64550.0,2251.0,1545.0,21.0,22.0,7.0,46705.0,3967.0,3321.0,118.0,34.0,7.0,78894.0,3589.0,3035.0,135.0,21.0,6.0,99004.0
216,06/10/2020,25228,20344,765,,200,8,3.032345013,199,35,-2,-5,6910.0,5889.0,203.0,50.0,5.0,126436.0,1122.0,970.0,34.0,3.0,0.0,35570.0,3252.0,2668.0,91.0,32.0,5.0,61100.0,4074.0,2830.0,160.0,76.0,8.0,65467.0,2269.0,1580.0,22.0,22.0,7.0,47166.0,3997.0,3351.0,119.0,31.0,5.0,80541.0,3604.0,3056.0,136.0,20.0,5.0,99703.0
217,07/10/2020,25428,20591,769,,200,4,3.024225263,187,35,152,-164,6933.0,5941.0,205.0,45.0,4.0,127683.0,1125.0,983.0,34.0,2.0,0.0,35831.0,3266.0,2689.0,91.0,31.0,5.0,61967.0,4144.0,2860.0,161.0,72.0,9.0,66436.0,2292.0,1640.0,22.0,21.0,6.0,47894.0,4042.0,3378.0,120.0,27.0,5.0,81509.0,3626.0,3100.0,136.0,21.0,5.0,102092.0
218,08/10/2020,25717,20860,773,286.0,289,4,3.0057938330000002,187,38,0,3,6973.0,5983.0,205.0,49.0,4.0,129001.0,1133.0,997.0,34.0,3.0,0.0,36466.0,3301.0,2727.0,91.0,29.0,5.0,63536.0,4229.0,2918.0,163.0,72.0,9.0,67673.0,2323.0,1687.0,23.0,20.0,7.0,48671.0,4081.0,3416.0,120.0,26.0,5.0,82607.0,3677.0,3132.0,137.0,23.0,5.0,103456.0
219,09/10/2020,26146,21106,776,413.0,429,3,2.9679492080000003,175,37,-12,-1,7006.0,6043.0,206.0,52.0,6.0,130087.0,1143.0,1005.0,34.0,4.0,0.0,36722.0,3320.0,2735.0,91.0,31.0,5.0,63996.0,4468.0,2953.0,164.0,67.0,9.0,68965.0,2344.0,1747.0,24.0,18.0,7.0,49203.0,4137.0,3465.0,120.0,31.0,6.0,83520.0,3728.0,3158.0,137.0,22.0,5.0,104699.0
220,10/10/2020,26563,21425,780,405.0,417,4,2.936415315,173,36,-2,-1,7045.0,6090.0,208.0,49.0,5.0,131079.0,1159.0,1011.0,34.0,4.0,0.0,37097.0,3360.0,2803.0,91.0,25.0,5.0,64646.0,4660.0,3020.0,166.0,65.0,10.0,70245.0,2376.0,1811.0,24.0,17.0,6.0,49886.0,4205.0,3504.0,120.0,31.0,6.0,84753.0,3758.0,3186.0,137.0,21.0,5.0,105432.0
221,11/10/2020,26876,21713,780,313.0,313,0,2.902217592,199,39,26,3,7099.0,6143.0,208.0,47.0,5.0,132332.0,1177.0,1021.0,34.0,3.0,0.0,37646.0,3395.0,2842.0,91.0,27.0,5.0,65045.0,4743.0,3095.0,166.0,66.0,10.0,71353.0,2397.0,1866.0,24.0,14.0,5.0,50681.0,4245.0,3527.0,120.0,31.0,6.0,85351.0,3820.0,3219.0,137.0,21.0,5.0,106696.0
222,12/10/2020,27184,21924,784,308.0,308,4,2.884049441,212,40,13,1,7165.0,6188.0,211.0,50.0,5.0,133256.0,1198.0,1027.0,34.0,3.0,0.0,37850.0,3419.0,2868.0,91.0,29.0,5.0,65437.0,4818.0,3138.0,166.0,79.0,11.0,72301.0,2423.0,1888.0,24.0,17.0,5.0,51353.0,4317.0,3575.0,121.0,35.0,7.0,86183.0,3844.0,3240.0,137.0,25.0,6.0,107164.0
223,13/10/2020,27423,22123,786,238.0,239,2,2.866207198,218,41,6,1,7179.0,6223.0,211.0,51.0,5.0,133785.0,1204.0,1034.0,34.0,5.0,0.0,38048.0,3446.0,2878.0,91.0,30.0,5.0,65823.0,4912.0,3177.0,168.0,83.0,11.0,73087.0,2447.0,1954.0,24.0,16.0,4.0,51659.0,4351.0,3606.0,121.0,40.0,7.0,86839.0,3884.0,3251.0,137.0,27.0,8.0,107686.0
224,14/10/2020,27675,22277,797,254.0,252,11,2.879855465,223,42,5,1,7229.0,6253.0,211.0,50.0,5.0,134248.0,1221.0,1040.0,34.0,5.0,0.0,38228.0,3456.0,2890.0,91.0,31.0,5.0,66165.0,4999.0,3218.0,176.0,87.0,11.0,74517.0,2468.0,1973.0,26.0,17.0,3.0,52033.0,4392.0,3642.0,122.0,41.0,9.0,87535.0,3910.0,3261.0,137.0,28.0,8.0,108161.0
225,15/10/2020,27922,22550,803,233.0,247,6,2.8758684910000003,231,41,8,-1,7277.0,6294.0,213.0,47.0,4.0,135472.0,1228.0,1046.0,34.0,4.0,0.0,38679.0,3474.0,2916.0,91.0,30.0,6.0,66552.0,5062.0,3292.0,179.0,98.0,12.0,75789.0,2485.0,2040.0,25.0,17.0,3.0,52377.0,4433.0,3671.0,123.0,39.0,8.0,88371.0,3963.0,3291.0,138.0,30.0,9.0,108821.0
226,16/10/2020,28276,22788,808,346.0,354,5,2.857547036,229,40,-2,-1,7335.0,6338.0,213.0,47.0,4.0,136826.0,1247.0,1046.0,34.0,3.0,0.0,38976.0,3504.0,2937.0,92.0,24.0,5.0,67156.0,5144.0,3361.0,183.0,105.0,13.0,77167.0,2517.0,2090.0,25.0,16.0,2.0,52918.0,4494.0,3711.0,123.0,43.0,8.0,89561.0,4035.0,3305.0,138.0,34.0,9.0,110086.0
227,17/10/2020,28638,23078,815,355.0,362,7,2.845869125,246,43,17,3,7392.0,6372.0,213.0,48.0,6.0,138130.0,1258.0,1055.0,34.0,5.0,0.0,39553.0,3526.0,3009.0,92.0,21.0,3.0,67677.0,5240.0,3442.0,189.0,101.0,12.0,78368.0,2559.0,2117.0,25.0,20.0,3.0,53559.0,4557.0,3748.0,123.0,41.0,7.0,91188.0,4106.0,3335.0,139.0,33.0,9.0,111353.0
228,18/10/2020,29076,23326,818,437.0,438,3,2.813316825,266,46,20,3,7458.0,6405.0,214.0,54.0,6.0,139554.0,1279.0,1062.0,35.0,5.0,0.0,39875.0,3568.0,3026.0,92.0,21.0,3.0,68343.0,5318.0,3552.0,190.0,111.0,13.0,79309.0,2613.0,2130.0,25.0,21.0,4.0,54079.0,4633.0,3791.0,123.0,41.0,8.0,92409.0,4207.0,3360.0,139.0,36.0,9.0,112913.0
229,19/10/2020,29501,23578,822,417.0,425,4,2.786346226,277,47,11,1,7522.0,6456.0,214.0,58.0,8.0,140474.0,1324.0,1067.0,35.0,9.0,1.0,40271.0,3610.0,3035.0,92.0,22.0,3.0,68842.0,5384.0,3676.0,193.0,118.0,14.0,80289.0,2651.0,2150.0,25.0,22.0,4.0,54616.0,4705.0,3819.0,124.0,47.0,8.0,93535.0,4305.0,3375.0,139.0,36.0,8.0,114135.0
230,20/10/2020,29858,23812,831,343.0,357,9,2.783173689,294,48,17,1,7585.0,6494.0,215.0,60.0,9.0,141147.0,1348.0,1075.0,35.0,13.0,2.0,40646.0,3637.0,3048.0,92.0,21.0,3.0,69400.0,5451.0,3776.0,197.0,123.0,15.0,80991.0,2688.0,2181.0,26.0,24.0,4.0,55071.0,4796.0,3856.0,126.0,47.0,7.0,94292.0,4353.0,3382.0,140.0,36.0,7.0,114788.0
231,21/10/2020,30305,24012,836,441.0,447,5,2.75862069,317,47,23,-1,7642.0,6521.0,216.0,60.0,9.0,142351.0,1367.0,1081.0,35.0,17.0,1.0,41082.0,3676.0,3066.0,92.0,19.0,3.0,70070.0,5548.0,3855.0,199.0,125.0,16.0,82402.0,2756.0,2193.0,26.0,30.0,5.0,55544.0,4878.0,3899.0,127.0,54.0,7.0,95611.0,4438.0,3397.0,141.0,37.0,7.0,115915.0
232,22/10/2020,30777,24255,847,461.0,472,11,2.7520551060000003,325,48,8,1,7710.0,6582.0,217.0,58.0,9.0,143684.0,1400.0,1081.0,36.0,19.0,2.0,41459.0,3721.0,3087.0,92.0,17.0,1.0,70813.0,5627.0,3930.0,207.0,120.0,15.0,83382.0,2810.0,2221.0,26.0,39.0,6.0,56326.0,4958.0,3939.0,128.0,62.0,7.0,96578.0,4551.0,3415.0,141.0,49.0,7.0,117274.0
233,23/10/2020,31309,24573,856,514.0,532,9,2.734038136,363,46,38,-2,7803.0,6622.0,217.0,65.0,9.0,145041.0,1458.0,1093.0,36.0,19.0,3.0,42025.0,3770.0,3123.0,92.0,22.0,2.0,71656.0,5697.0,4034.0,213.0,111.0,13.0,84162.0,2870.0,2249.0,27.0,37.0,7.0,57120.0,5089.0,3976.0,130.0,68.0,7.0,97777.0,4622.0,3476.0,141.0,51.0,7.0,118516.0
234,24/10/2020,31999,24970,859,687.0,690,3,2.6844588889999996,371,49,8,3,7940.0,6665.0,218.0,69.0,8.0,146949.0,1549.0,1101.0,36.0,28.0,3.0,42575.0,3852.0,3144.0,92.0,24.0,1.0,72668.0,5780.0,4246.0,214.0,107.0,12.0,85408.0,2920.0,2271.0,27.0,50.0,7.0,58213.0,5210.0,4033.0,131.0,74.0,8.0,99187.0,4748.0,3510.0,141.0,57.0,7.0,120004.0
235,25/10/2020,32606,25315,860,597.0,607,1,2.637551371,389,55,18,6,8058.0,6718.0,218.0,70.0,7.0,148752.0,1600.0,1119.0,36.0,33.0,4.0,42970.0,3916.0,3173.0,92.0,27.0,2.0,73481.0,5876.0,4362.0,214.0,103.0,13.0,86483.0,2973.0,2307.0,27.0,48.0,7.0,59490.0,5313.0,4093.0,132.0,80.0,9.0,100625.0,4870.0,3543.0,141.0,59.0,7.0,121693.0
236,26/10/2020,33219,25585,868,603.0,613,8,2.612962461,401,58,12,3,8155.0,6769.0,219.0,80.0,9.0,149886.0,1654.0,1130.0,36.0,37.0,4.0,43297.0,3977.0,3212.0,92.0,33.0,2.0,74225.0,6029.0,4418.0,220.0,100.0,15.0,87821.0,3034.0,2323.0,28.0,47.0,7.0,60369.0,5397.0,4144.0,132.0,83.0,11.0,101889.0,4973.0,3589.0,141.0,64.0,7.0,123134.0
237,27/10/2020,33758,25804,880,525.0,539,12,2.606789502,392,62,-9,4,8242.0,6821.0,221.0,91.0,9.0,150714.0,1727.0,1143.0,37.0,39.0,5.0,43768.0,4012.0,3229.0,92.0,32.0,2.0,74727.0,6104.0,4456.0,224.0,107.0,16.0,88347.0,3101.0,2346.0,28.0,51.0,9.0,61069.0,5459.0,4197.0,135.0,73.0,10.0,102993.0,5113.0,3612.0,143.0,66.0,7.0,124615.0
238,28/10/2020,34451,26034,882,682.0,693,2,2.560157905,414,67,22,5,8345.0,6840.0,221.0,95.0,10.0,152390.0,1811.0,1153.0,37.0,39.0,6.0,44281.0,4083.0,3248.0,92.0,32.0,2.0,75740.0,6192.0,4553.0,225.0,97.0,16.0,89304.0,3184.0,2370.0,29.0,54.0,9.0,61933.0,5550.0,4229.0,135.0,70.0,11.0,104473.0,5286.0,3641.0,143.0,67.0,8.0,126361.0
239,29/10/2020,35089,26270,889,618.0,638,7,2.533557525,407,69,-7,2,8469.0,6891.0,221.0,100.0,11.0,154364.0,1869.0,1161.0,37.0,37.0,5.0,45058.0,4139.0,3264.0,93.0,39.0,5.0,76546.0,6256.0,4621.0,228.0,98.0,17.0,90052.0,3244.0,2377.0,29.0,58.0,8.0,62714.0,5668.0,4279.0,138.0,75.0,13.0,106101.0,5444.0,3677.0,143.0,74.0,8.0,128416.0
240,30/10/2020,35801,26537,902,696.0,712,13,2.519482696,405,69,-2,0,8588.0,6936.0,221.0,108.0,14.0,155962.0,1968.0,1171.0,39.0,30.0,6.0,45716.0,4192.0,3297.0,95.0,37.0,2.0,77571.0,6313.0,4686.0,233.0,90.0,19.0,91537.0,3323.0,2395.0,29.0,58.0,7.0,63829.0,5787.0,4326.0,139.0,75.0,12.0,108014.0,5630.0,3726.0,146.0,78.0,9.0,129806.0
241,31/10/2020,36571,26900,910,755.0,770,8,2.48831041,408,74,3,5,8719.0,7026.0,222.0,108.0,12.0,157827.0,2035.0,1187.0,39.0,37.0,7.0,46443.0,4313.0,3324.0,96.0,35.0,3.0,79179.0,6405.0,4773.0,235.0,85.0,20.0,92862.0,3376.0,2428.0,30.0,60.0,7.0,64679.0,5878.0,4389.0,140.0,78.0,12.0,109746.0,5845.0,3773.0,148.0,71.0,8.0,131933.0
242,01/11/2020,37362,27330,914,775.0,791,4,2.446335849,446,77,38,3,8852.0,7091.0,222.0,112.0,14.0,159709.0,2171.0,1199.0,40.0,37.0,8.0,47114.0,4428.0,3347.0,96.0,37.0,4.0,80056.0,6432.0,4920.0,236.0,92.0,17.0,94212.0,3491.0,2467.0,30.0,64.0,6.0,65798.0,5975.0,4461.0,142.0,74.0,14.0,111466.0,6013.0,3845.0,148.0,66.0,11.0,134288.0
243,02/11/2020,37966,27752,923,597.0,604,9,2.431122583,466,79,20,2,8962.0,7165.0,224.0,125.0,14.0,161224.0,2219.0,1223.0,40.0,43.0,7.0,47722.0,4468.0,3388.0,98.0,38.0,5.0,80754.0,6522.0,4983.0,240.0,96.0,16.0,95408.0,3599.0,2519.0,31.0,67.0,6.0,66453.0,6027.0,4525.0,142.0,78.0,13.0,112796.0,6169.0,3949.0,148.0,76.0,16.0,135996.0
244,03/11/2020,38414,28095,944,425.0,448,21,2.457437393,483,80,17,1,9048.0,7218.0,229.0,135.0,16.0,162214.0,2282.0,1256.0,42.0,44.0,7.0,48449.0,4497.0,3436.0,99.0,41.0,5.0,81398.0,6560.0,5045.0,243.0,98.0,18.0,95991.0,3676.0,2561.0,33.0,70.0,4.0,67155.0,6083.0,4591.0,144.0,77.0,14.0,113878.0,6268.0,3988.0,154.0,80.0,15.0,137241.0
245,04/11/2020,39058,28466,951,626.0,644,7,2.434840494,498,79,15,-1,9169.0,7272.0,231.0,132.0,18.0,163635.0,2346.0,1272.0,43.0,45.0,7.0,49040.0,4570.0,3454.0,101.0,42.0,5.0,82133.0,6604.0,5150.0,243.0,103.0,17.0,96811.0,3731.0,2601.0,33.0,77.0,5.0,68011.0,6177.0,4683.0,144.0,81.0,12.0,115252.0,6461.0,4034.0,156.0,83.0,16.0,138918.0
246,05/11/2020,39818,28964,960,734.0,760,9,2.410969913,508,85,10,6,9291.0,7321.0,235.0,143.0,19.0,165219.0,2430.0,1290.0,44.0,49.0,8.0,49666.0,4649.0,3500.0,101.0,48.0,5.0,83071.0,6652.0,5256.0,244.0,102.0,15.0,97698.0,3824.0,2654.0,33.0,78.0,4.0,68949.0,6258.0,4775.0,145.0,73.0,12.0,116664.0,6714.0,4168.0,158.0,84.0,16.0,141645.0
247,06/11/2020,40540,29376,969,685.0,722,9,2.39023187,495,84,-13,-1,9457.0,7392.0,236.0,145.0,21.0,166523.0,2487.0,1323.0,44.0,53.0,9.0,50248.0,4761.0,3552.0,101.0,53.0,5.0,84131.0,6711.0,5331.0,248.0,107.0,16.0,98668.0,3918.0,2691.0,33.0,78.0,4.0,69955.0,6322.0,4838.0,147.0,68.0,13.0,117710.0,6884.0,4249.0,160.0,89.0,17.0,143542.0
248,07/11/2020,41206,29955,976,639.0,666,7,2.368587099,483,89,-12,5,9598.0,7478.0,236.0,147.0,22.0,168323.0,2529.0,1393.0,45.0,55.0,9.0,50861.0,4861.0,3603.0,102.0,50.0,4.0,85073.0,6768.0,5421.0,250.0,101.0,15.0,99451.0,3996.0,2733.0,34.0,71.0,4.0,71035.0,6402.0,4966.0,148.0,64.0,14.0,118583.0,7052.0,4361.0,161.0,91.0,16.0,145427.0
249,08/11/2020,41751,30662,981,541.0,545,5,2.34964432,511,94,28,5,9730.0,7626.0,238.0,145.0,22.0,169786.0,2573.0,1455.0,45.0,50.0,9.0,51420.0,4922.0,3694.0,102.0,51.0,4.0,85923.0,6833.0,5500.0,250.0,104.0,16.0,100295.0,4064.0,2797.0,36.0,75.0,5.0,72259.0,6463.0,5088.0,149.0,62.0,15.0,119537.0,7166.0,4502.0,161.0,85.0,18.0,147417.0
250,09/11/2020,42150,31148,988,395.0,399,7,2.34400949,514,95,3,1,9839.0,7716.0,238.0,157.0,23.0,171108.0,2598.0,1506.0,45.0,55.0,9.0,51918.0,4982.0,3763.0,104.0,58.0,4.0,86836.0,6861.0,5572.0,253.0,107.0,19.0,100753.0,4129.0,2838.0,38.0,78.0,5.0,72978.0,6517.0,5159.0,149.0,65.0,16.0,120393.0,7224.0,4594.0,161.0,85.0,18.0,148430.0
251,10/11/2020,42533,31573,1009,350.0,383,21,2.372275645,516,95,2,0,9909.0,7771.0,242.0,154.0,26.0,171785.0,2618.0,1554.0,49.0,54.0,9.0,52279.0,5034.0,3782.0,105.0,63.0,4.0,87421.0,6906.0,5627.0,257.0,103.0,15.0,101541.0,4174.0,2889.0,39.0,80.0,5.0,73396.0,6550.0,5231.0,149.0,62.0,16.0,120861.0,7342.0,4719.0,168.0,93.0,20.0,149476.0
252,11/11/2020,43053,32161,1024,515.0,520,15,2.378463754,514,90,-2,-5,10020.0,7857.0,245.0,149.0,24.0,173347.0,2654.0,1622.0,52.0,58.0,8.0,52823.0,5071.0,3834.0,108.0,59.0,5.0,88076.0,6949.0,5758.0,261.0,94.0,15.0,102385.0,4238.0,2936.0,40.0,86.0,5.0,74198.0,6629.0,5293.0,150.0,70.0,16.0,121974.0,7492.0,4861.0,168.0,95.0,22.0,151413.0
253,12/11/2020,43575,32984,1039,523.0,522,15,2.3843947219999997,494,96,-20,6,10147.0,8048.0,247.0,147.0,23.0,175420.0,2678.0,1690.0,55.0,56.0,8.0,53340.0,5135.0,3963.0,108.0,58.0,3.0,88960.0,6990.0,5846.0,264.0,92.0,15.0,103068.0,4301.0,3012.0,40.0,86.0,5.0,75170.0,6693.0,5391.0,154.0,68.0,14.0,122953.0,7631.0,5034.0,171.0,97.0,22.0,153433.0
254,13/11/2020,44201,33624,1046,611.0,626,7,2.366462297,468,100,-26,4,10267.0,8182.0,248.0,143.0,24.0,177814.0,2724.0,1752.0,55.0,60.0,8.0,53898.0,5175.0,4014.0,108.0,53.0,6.0,89771.0,7030.0,5891.0,264.0,90.0,16.0,103576.0,4366.0,3056.0,41.0,83.0,5.0,76086.0,6791.0,5506.0,155.0,68.0,14.0,123984.0,7848.0,5223.0,175.0,93.0,23.0,155539.0
255,14/11/2020,44863,34254,1056,640.0,662,10,2.35383278,473,105,5,5,10380.0,8284.0,252.0,141.0,24.0,179335.0,2772.0,1842.0,56.0,63.0,10.0,54511.0,5290.0,4072.0,109.0,51.0,6.0,90779.0,7074.0,5952.0,265.0,84.0,14.0,104231.0,4432.0,3114.0,42.0,74.0,6.0,77203.0,6848.0,5607.0,156.0,61.0,14.0,125968.0,8067.0,5383.0,176.0,94.0,26.0,157644.0
256,15/11/2020,45362,35003,1062,489.0,499,6,2.341166615,500,110,27,5,10485.0,8415.0,253.0,148.0,28.0,180819.0,2793.0,1893.0,57.0,58.0,11.0,55011.0,5357.0,4186.0,109.0,57.0,6.0,91726.0,7115.0,6022.0,267.0,82.0,12.0,104839.0,4482.0,3174.0,42.0,68.0,7.0,78366.0,6914.0,5715.0,158.0,62.0,15.0,127591.0,8216.0,5598.0,176.0,103.0,26.0,159646.0
257,16/11/2020,45806,35628,1069,442.0,444,7,2.333755403,503,106,3,-4,10590.0,8500.0,253.0,161.0,31.0,182085.0,2821.0,1973.0,60.0,61.0,11.0,55441.0,5427.0,4275.0,110.0,59.0,5.0,92669.0,7150.0,6068.0,269.0,89.0,12.0,105717.0,4531.0,3256.0,43.0,70.0,9.0,78754.0,6978.0,5784.0,158.0,63.0,17.0,129446.0,8309.0,5772.0,176.0,107.0,25.0,160932.0
258,17/11/2020,46215,36070,1086,388.0,409,17,2.349886401,476,102,-27,-4,10659.0,8574.0,253.0,162.0,31.0,182732.0,2860.0,2019.0,62.0,58.0,12.0,55787.0,5486.0,4301.0,114.0,59.0,6.0,93491.0,7175.0,6122.0,271.0,92.0,10.0,106892.0,4599.0,3344.0,43.0,72.0,8.0,79358.0,7028.0,5834.0,158.0,61.0,16.0,131944.0,8408.0,5876.0,185.0,105.0,23.0,161737.0
259,18/11/2020,46728,36586,1092,501.0,513,6,2.336928608,472,101,-4,-1,10788.0,8660.0,255.0,157.0,30.0,184180.0,2882.0,2069.0,62.0,52.0,12.0,56191.0,5554.0,4339.0,115.0,59.0,5.0,94225.0,7208.0,6186.0,272.0,88.0,10.0,107792.0,4691.0,3395.0,43.0,68.0,8.0,80252.0,7089.0,5925.0,158.0,57.0,15.0,133582.0,8516.0,6012.0,187.0,97.0,22.0,163055.0
260,19/11/2020,47413,37210,1107,667.0,685,15,2.334802691,472,97,0,-4,10913.0,8770.0,258.0,168.0,29.0,185484.0,2915.0,2125.0,64.0,50.0,11.0,56687.0,5607.0,4420.0,115.0,50.0,5.0,95009.0,7261.0,6236.0,275.0,90.0,11.0,108689.0,4761.0,3468.0,44.0,62.0,8.0,81249.0,7160.0,6009.0,158.0,55.0,15.0,134582.0,8796.0,6182.0,193.0,98.0,22.0,165226.0
261,20/11/2020,48113,37910,1119,685.0,700,12,2.325774739,438,96,-34,-1,11018.0,8893.0,259.0,172.0,29.0,186802.0,2955.0,2208.0,65.0,44.0,11.0,57179.0,5775.0,4466.0,115.0,47.0,5.0,95854.0,7308.0,6308.0,279.0,87.0,10.0,109275.0,4845.0,3566.0,45.0,68.0,6.0,82404.0,7245.0,6077.0,160.0,51.0,12.0,135437.0,8967.0,6392.0,196.0,100.0,24.0,166827.0
262,21/11/2020,48695,38587,1132,561.0,582,13,2.324673991,439,100,1,4,11136.0,9024.0,261.0,162.0,29.0,188277.0,2990.0,2262.0,65.0,43.0,9.0,57496.0,5832.0,4576.0,117.0,50.0,5.0,96613.0,7343.0,6371.0,282.0,80.0,10.0,109930.0,4934.0,3646.0,47.0,59.0,6.0,83433.0,7323.0,6158.0,160.0,52.0,12.0,136309.0,9137.0,6550.0,200.0,88.0,25.0,168809.0
263,22/11/2020,49159,39196,1137,457.0,464,5,2.312903029,459,100,20,0,11264.0,9164.0,261.0,167.0,29.0,189726.0,3041.0,2297.0,67.0,44.0,12.0,57898.0,5889.0,4655.0,117.0,48.0,7.0,97239.0,7382.0,6433.0,284.0,78.0,10.0,110719.0,4985.0,3704.0,47.0,57.0,5.0,84295.0,7378.0,6242.0,161.0,53.0,12.0,137467.0,9220.0,6701.0,200.0,92.0,25.0,170654.0
264,23/11/2020,49487,39674,1146,323.0,328,9,2.315759694,456,96,-3,-4,11333.0,9273.0,265.0,171.0,30.0,191179.0,3083.0,2330.0,67.0,45.0,13.0,58315.0,5927.0,4713.0,117.0,48.0,7.0,98051.0,7398.0,6475.0,285.0,80.0,10.0,111262.0,5063.0,3782.0,48.0,62.0,4.0,84981.0,7419.0,6297.0,163.0,54.0,11.0,138229.0,9264.0,6804.0,201.0,99.0,25.0,172124.0
265,24/11/2020,49832,40056,1161,327.0,345,15,2.3298282230000003,434,97,-22,1,11391.0,9365.0,270.0,168.0,31.0,191850.0,3111.0,2345.0,67.0,45.0,10.0,58647.0,5988.0,4763.0,117.0,47.0,7.0,98774.0,7420.0,6504.0,288.0,76.0,9.0,111543.0,5134.0,3850.0,50.0,65.0,6.0,85672.0,7479.0,6332.0,165.0,52.0,10.0,138744.0,9309.0,6897.0,204.0,99.0,23.0,173379.0
266,25/11/2020,50363,40557,1170,521.0,531,9,2.323134047,421,92,-13,-5,11498.0,9462.0,273.0,161.0,35.0,193074.0,3130.0,2371.0,68.0,51.0,10.0,59222.0,6024.0,4804.0,118.0,43.0,8.0,99387.0,7449.0,6551.0,289.0,65.0,8.0,112286.0,5184.0,3917.0,50.0,64.0,6.0,86332.0,7524.0,6396.0,166.0,47.0,8.0,139589.0,9554.0,7056.0,206.0,100.0,22.0,175450.0
267,26/11/2020,50804,41054,1173,415.0,441,3,2.3088733169999998,404,93,-17,1,11591.0,9577.0,274.0,155.0,32.0,194773.0,3175.0,2398.0,68.0,50.0,9.0,59994.0,6076.0,4872.0,119.0,38.0,7.0,100060.0,7471.0,6606.0,290.0,64.0,8.0,112702.0,5241.0,3978.0,50.0,60.0,7.0,87223.0,7587.0,6473.0,166.0,47.0,7.0,141045.0,9663.0,7150.0,206.0,99.0,22.0,177455.0
268,27/11/2020,51245,41616,1179,426.0,441,6,2.300712265,384,85,-20,-8,11692.0,9696.0,275.0,148.0,33.0,196416.0,3241.0,2434.0,68.0,51.0,9.0,60613.0,6109.0,4928.0,120.0,36.0,6.0,100725.0,7487.0,6663.0,290.0,62.0,7.0,113189.0,5294.0,4044.0,51.0,62.0,7.0,87947.0,7644.0,6547.0,168.0,42.0,8.0,142549.0,9778.0,7304.0,207.0,96.0,23.0,179235.0
269,28/11/2020,51608,42208,1191,355.0,363,12,2.307781739,388,81,4,-4,11772.0,9800.0,278.0,145.0,33.0,198065.0,3251.0,2471.0,72.0,52.0,8.0,61349.0,6180.0,4994.0,120.0,36.0,4.0,101472.0,7507.0,6706.0,290.0,64.0,8.0,113882.0,5350.0,4132.0,52.0,56.0,6.0,88639.0,7693.0,6628.0,168.0,35.0,8.0,143576.0,9855.0,7477.0,211.0,81.0,18.0,180696.0
270,29/11/2020,51951,42856,1193,329.0,343,2,2.29639468,406,78,18,-3,11843.0,9893.0,278.0,136.0,32.0,199255.0,3268.0,2506.0,72.0,52.0,8.0,61701.0,6212.0,5123.0,121.0,39.0,4.0,102384.0,7520.0,6756.0,290.0,62.0,8.0,114648.0,5408.0,4220.0,53.0,57.0,6.0,89544.0,7737.0,6704.0,168.0,35.0,6.0,144459.0,9963.0,7654.0,211.0,88.0,17.0,182601.0
271,30/11/2020,52202,43193,1205,238.0,251,12,2.308340677,392,69,-14,-9,11906.0,9970.0,280.0,138.0,28.0,200166.0,3296.0,2519.0,74.0,54.0,7.0,62110.0,6237.0,5163.0,122.0,44.0,4.0,103102.0,7535.0,6785.0,291.0,59.0,7.0,115384.0,5466.0,4256.0,55.0,62.0,8.0,90157.0,7763.0,6736.0,168.0,37.0,6.0,145101.0,9999.0,7764.0,215.0,90.0,18.0,184042.0
272,01/12/2020,52472,43618,1211,239.0,270,6,2.307897545,364,67,-28,-2,11948.0,10064.0,282.0,129.0,22.0,200652.0,3308.0,2551.0,74.0,49.0,8.0,62656.0,6278.0,5219.0,123.0,41.0,3.0,103748.0,7547.0,6805.0,292.0,57.0,6.0,115739.0,5517.0,4326.0,55.0,62.0,6.0,90715.0,7799.0,6787.0,168.0,39.0,7.0,145719.0,10075.0,7866.0,217.0,84.0,17.0,185299.0
273,02/12/2020,52841,44086,1221,328.0,369,10,2.310705702,349,65,-15,-2,12016.0,10160.0,285.0,128.0,22.0,201862.0,3336.0,2584.0,75.0,46.0,7.0,63088.0,6318.0,5281.0,125.0,32.0,2.0,104467.0,7566.0,6835.0,294.0,47.0,6.0,116314.0,5560.0,4383.0,56.0,58.0,8.0,91451.0,7857.0,6856.0,168.0,38.0,5.0,146679.0,10188.0,7987.0,218.0,82.0,17.0,187202.0
274,03/12/2020,53207,44563,1228,350.0,366,7,2.307966997,347,62,-2,-3,12079.0,10271.0,287.0,126.0,23.0,202865.0,3356.0,2627.0,76.0,42.0,5.0,63618.0,6351.0,5339.0,126.0,30.0,2.0,105040.0,7610.0,6865.0,294.0,46.0,6.0,116635.0,5602.0,4440.0,57.0,52.0,10.0,92575.0,7924.0,6932.0,168.0,41.0,4.0,147649.0,10285.0,8089.0,220.0,77.0,15.0,188926.0
275,04/12/2020,53533,45164,1236,290.0,326,8,2.30885622,337,61,-10,-1,12137.0,10380.0,289.0,127.0,21.0,203721.0,3373.0,2679.0,77.0,39.0,7.0,64034.0,6382.0,5397.0,126.0,28.0,2.0,105746.0,7634.0,6903.0,294.0,45.0,6.0,117057.0,5629.0,4506.0,59.0,50.0,9.0,93369.0,7991.0,7002.0,169.0,44.0,4.0,148351.0,10387.0,8297.0,222.0,76.0,13.0,190148.0
276,05/12/2020,53903,45712,1246,337.0,370,10,2.311559653,342,64,5,3,12214.0,10497.0,291.0,125.0,22.0,204705.0,3407.0,2731.0,78.0,35.0,6.0,64424.0,6424.0,5464.0,130.0,27.0,1.0,106206.0,7651.0,6937.0,294.0,41.0,5.0,117423.0,5668.0,4585.0,59.0,51.0,9.0,94462.0,8052.0,7076.0,170.0,42.0,6.0,149227.0,10487.0,8422.0,224.0,77.0,12.0,191386.0
277,06/12/2020,54199,46226,1250,277.0,296,4,2.306315615,352,60,10,-4,12254.0,10591.0,291.0,120.0,23.0,205739.0,3430.0,2764.0,78.0,35.0,8.0,64784.0,6455.0,5534.0,132.0,32.0,1.0,106669.0,7673.0,6975.0,295.0,42.0,5.0,118177.0,5705.0,4656.0,60.0,51.0,9.0,95314.0,8104.0,7151.0,170.0,49.0,6.0,150645.0,10578.0,8555.0,224.0,77.0,12.0,193204.0
278,07/12/2020,54473,46575,1257,260.0,274,7,2.307565216,322,50,-30,-10,12307.0,10671.0,291.0,120.0,22.0,206505.0,3466.0,2810.0,78.0,36.0,6.0,65009.0,6484.0,5579.0,133.0,31.0,1.0,107103.0,7696.0,6999.0,296.0,44.0,5.0,118898.0,5738.0,4708.0,60.0,53.0,9.0,95971.0,8151.0,7187.0,170.0,51.0,6.0,151823.0,10631.0,8621.0,229.0,77.0,11.0,194587.0
279,08/12/2020,54735,47469,1273,232.0,262,16,2.3257513469999997,324,51,2,1,12344.0,10811.0,293.0,104.0,17.0,206951.0,3482.0,2849.0,79.0,33.0,4.0,65342.0,6502.0,5741.0,136.0,25.0,2.0,107557.0,7718.0,7044.0,296.0,36.0,3.0,119598.0,5782.0,4822.0,62.0,49.0,9.0,96546.0,8216.0,7264.0,170.0,57.0,6.0,153607.0,10691.0,8938.0,237.0,68.0,9.0,195913.0
280,09/12/2020,55077,47872,1281,329.0,342,8,2.32583474,321,50,-3,-1,12391.0,10909.0,293.0,100.0,16.0,208362.0,3533.0,2855.0,80.0,32.0,4.0,65972.0,6532.0,5788.0,137.0,30.0,3.0,108268.0,7752.0,7077.0,297.0,36.0,3.0,120257.0,5830.0,4895.0,65.0,50.0,9.0,97341.0,8269.0,7313.0,172.0,58.0,6.0,154486.0,10770.0,9035.0,237.0,69.0,10.0,197487.0
281,10/12/2020,55363,48285,1287,255.0,286,6,2.3246572619999997,309,51,-12,1,12434.0,10999.0,293.0,90.0,14.0,209050.0,3557.0,2878.0,81.0,30.0,3.0,66283.0,6552.0,5823.0,137.0,31.0,4.0,109134.0,7783.0,7118.0,300.0,37.0,3.0,121180.0,5869.0,4948.0,67.0,51.0,9.0,97911.0,8346.0,7358.0,172.0,59.0,6.0,156448.0,10822.0,9161.0,237.0,73.0,11.0,200137.0
282,11/12/2020,55721,48748,1293,324.0,358,6,2.320489582,298,54,-11,3,12477.0,11095.0,293.0,91.0,13.0,210400.0,3580.0,2924.0,81.0,31.0,3.0,66878.0,6577.0,5866.0,139.0,27.0,4.0,110098.0,7820.0,7136.0,300.0,28.0,2.0,122070.0,5906.0,5001.0,68.0,52.0,10.0,98762.0,8412.0,7416.0,173.0,59.0,7.0,157288.0,10949.0,9310.0,239.0,72.0,12.0,202118.0
283,12/12/2020,56061,49232,1303,301.0,340,10,2.324253938,297,52,-1,-2,12528.0,11219.0,296.0,87.0,13.0,211869.0,3611.0,2981.0,81.0,33.0,4.0,67485.0,6596.0,5911.0,139.0,29.0,4.0,111111.0,7851.0,7145.0,301.0,32.0,2.0,122626.0,5970.0,5052.0,69.0,48.0,9.0,99820.0,8503.0,7479.0,174.0,61.0,11.0,158434.0,11002.0,9445.0,243.0,62.0,11.0,203922.0
284,13/12/2020,56457,49634,1306,373.0,396,3,2.313264963,310,55,13,3,12570.0,11285.0,296.0,87.0,13.0,213048.0,3637.0,3020.0,82.0,32.0,4.0,68004.0,6619.0,5981.0,139.0,26.0,4.0,112035.0,7899.0,7172.0,301.0,34.0,2.0,123121.0,6038.0,5119.0,70.0,46.0,8.0,100802.0,8599.0,7522.0,174.0,66.0,10.0,159813.0,11095.0,9535.0,244.0,58.0,11.0,206339.0
285,14/12/2020,56828,49960,1312,323.0,371,6,2.308721053,319,56,9,1,12635.0,11386.0,298.0,88.0,13.0,213772.0,3686.0,3037.0,84.0,34.0,4.0,69010.0,6639.0,6013.0,139.0,27.0,6.0,113015.0,7940.0,7184.0,302.0,37.0,1.0,123699.0,6090.0,5174.0,70.0,50.0,8.0,101325.0,8687.0,7563.0,174.0,73.0,11.0,161945.0,11151.0,9603.0,245.0,56.0,12.0,208436.0
286,15/12/2020,57102,50190,1319,227.0,274,7,2.30990158,301,53,-18,-3,12656.0,11431.0,300.0,86.0,14.0,214113.0,3704.0,3056.0,84.0,35.0,5.0,69859.0,6652.0,6041.0,140.0,26.0,6.0,113810.0,7952.0,7211.0,303.0,39.0,1.0,124836.0,6172.0,5237.0,71.0,52.0,8.0,102136.0,8765.0,7587.0,175.0,75.0,8.0,163782.0,11201.0,9627.0,246.0,62.0,14.0,210698.0
287,16/12/2020,57526,50555,1323,380.0,424,4,2.2998296419999997,302,50,1,-3,12701.0,11497.0,301.0,76.0,13.0,215114.0,3738.0,3082.0,84.0,34.0,4.0,70459.0,6685.0,6082.0,140.0,24.0,6.0,114614.0,7980.0,7227.0,303.0,37.0,2.0,125798.0,6217.0,5279.0,72.0,52.0,8.0,102889.0,8883.0,7656.0,175.0,71.0,7.0,166335.0,11322.0,9732.0,248.0,60.0,13.0,213051.0
288,17/12/2020,57933,50993,1327,357.0,407,4,2.290577046,309,55,7,5,12762.0,11564.0,303.0,81.0,12.0,215987.0,3754.0,3113.0,84.0,32.0,4.0,70950.0,6708.0,6133.0,141.0,23.0,5.0,115604.0,8021.0,7259.0,303.0,37.0,1.0,126461.0,6278.0,5344.0,72.0,53.0,9.0,103782.0,8993.0,7719.0,175.0,68.0,6.0,168336.0,11417.0,9861.0,249.0,58.0,13.0,215719.0
289,18/12/2020,58341,51373,1332,367.0,408,5,2.283128503,281,56,-28,1,12806.0,11644.0,305.0,78.0,14.0,216767.0,3783.0,3141.0,84.0,35.0,5.0,71398.0,6721.0,6177.0,141.0,23.0,6.0,116220.0,8072.0,7287.0,304.0,38.0,2.0,127095.0,6350.0,5384.0,72.0,55.0,9.0,104598.0,9097.0,7779.0,176.0,69.0,6.0,169789.0,11512.0,9961.0,250.0,66.0,13.0,217358.0
290,19/12/2020,58730,51746,1336,339.0,389,4,2.2748169590000002,293,53,12,-3,12883.0,11712.0,305.0,72.0,14.0,218024.0,3793.0,3173.0,84.0,37.0,6.0,71661.0,6752.0,6205.0,141.0,19.0,7.0,116998.0,8095.0,7310.0,306.0,35.0,3.0,127827.0,6414.0,5419.0,73.0,45.0,8.0,105534.0,9198.0,7829.0,176.0,72.0,6.0,171809.0,11595.0,10098.0,251.0,57.0,12.0,219144.0
291,20/12/2020,59067,52125,1338,328.0,337,2,2.265224237,301,53,8,0,12950.0,11762.0,305.0,73.0,14.0,218913.0,3804.0,3232.0,84.0,34.0,5.0,72008.0,6781.0,6267.0,141.0,19.0,6.0,117917.0,8110.0,7333.0,306.0,35.0,3.0,128731.0,6472.0,5464.0,75.0,48.0,8.0,106253.0,9279.0,7889.0,176.0,78.0,5.0,173432.0,11671.0,10178.0,251.0,59.0,12.0,221745.0
292,21/12/2020,59353,52421,1341,268.0,286,3,2.259363469,306,51,5,-2,13003.0,11820.0,305.0,74.0,14.0,219933.0,3817.0,3273.0,84.0,34.0,4.0,72321.0,6798.0,6286.0,141.0,20.0,6.0,118424.0,8154.0,7357.0,307.0,34.0,4.0,129829.0,6498.0,5508.0,76.0,49.0,7.0,106722.0,9343.0,7933.0,177.0,82.0,6.0,175129.0,11740.0,10244.0,251.0,61.0,12.0,223498.0
293,22/12/2020,59602,52658,1346,202.0,249,5,2.258313479,293,48,-13,-3,13026.0,11859.0,305.0,78.0,15.0,220477.0,3829.0,3296.0,85.0,37.0,4.0,72601.0,6815.0,6310.0,143.0,18.0,4.0,118742.0,8205.0,7378.0,307.0,34.0,4.0,130702.0,6543.0,5548.0,76.0,50.0,8.0,107331.0,9398.0,7975.0,177.0,80.0,7.0,176863.0,11786.0,10292.0,253.0,60.0,9.0,225997.0
294,23/12/2020,59944,53034,1350,299.0,342,4,2.252101962,286,51,-7,3,13090.0,11909.0,305.0,71.0,15.0,222182.0,3846.0,3333.0,85.0,33.0,3.0,73442.0,6841.0,6339.0,144.0,13.0,4.0,119586.0,8232.0,7418.0,307.0,28.0,4.0,131359.0,6579.0,5595.0,76.0,48.0,6.0,108212.0,9478.0,8031.0,179.0,81.0,5.0,178364.0,11878.0,10409.0,254.0,67.0,11.0,228944.0
295,24/12/2020,60395,53391,1354,394.0,451,4,2.241907443,265,54,-21,3,13150.0,11971.0,305.0,72.0,17.0,224846.0,3866.0,3384.0,85.0,32.0,2.0,74153.0,6876.0,6360.0,144.0,13.0,3.0,120792.0,8277.0,7446.0,308.0,31.0,4.0,132051.0,6639.0,5662.0,76.0,48.0,8.0,109184.0,9592.0,8094.0,179.0,76.0,6.0,179948.0,11995.0,10474.0,257.0,65.0,11.0,231728.0
296,25/12/2020,60765,53662,1354,309.0,370,0,2.228256398,273,55,8,1,13217.0,12017.0,305.0,74.0,18.0,227089.0,3888.0,3403.0,85.0,30.0,1.0,74785.0,6904.0,6376.0,144.0,13.0,3.0,121740.0,8329.0,7469.0,308.0,22.0,4.0,132831.0,6697.0,5702.0,76.0,48.0,9.0,110201.0,9670.0,8170.0,179.0,70.0,7.0,182331.0,12060.0,10525.0,257.0,62.0,12.0,233697.0
297,26/12/2020,61139,54065,1363,373.0,374,9,2.2293462440000003,278,58,5,3,13276.0,12072.0,307.0,73.0,17.0,228245.0,3900.0,3429.0,87.0,28.0,2.0,75272.0,6939.0,6412.0,144.0,14.0,4.0,122144.0,8371.0,7504.0,308.0,23.0,3.0,133368.0,6736.0,5755.0,77.0,54.0,9.0,110689.0,9769.0,8234.0,182.0,72.0,7.0,184272.0,12148.0,10659.0,258.0,64.0,13.0,234881.0
298,27/12/2020,61375,54402,1369,213.0,236,6,2.230549898,295,58,17,0,13312.0,12136.0,307.0,79.0,18.0,228586.0,3909.0,3472.0,87.0,28.0,3.0,75538.0,6950.0,6429.0,145.0,13.0,4.0,122460.0,8387.0,7538.0,308.0,23.0,4.0,133619.0,6782.0,5812.0,77.0,56.0,11.0,111195.0,9848.0,8314.0,184.0,76.0,7.0,184920.0,12187.0,10701.0,261.0,61.0,11.0,235406.0
299,28/12/2020,61668,54795,1370,277.0,293,1,2.221573588,291,56,-4,-2,13360.0,12197.0,307.0,83.0,17.0,229720.0,3925.0,3500.0,87.0,28.0,4.0,75919.0,6993.0,6449.0,145.0,14.0,3.0,123071.0,8408.0,7574.0,308.0,26.0,4.0,134040.0,6819.0,5879.0,77.0,61.0,11.0,111937.0,9924.0,8395.0,184.0,78.0,7.0,185800.0,12239.0,10801.0,262.0,63.0,12.0,236261.0
300,29/12/2020,61982,55084,1380,261.0,314,10,2.226452841,282,55,-9,-1,13414.0,12223.0,311.0,89.0,18.0,230377.0,3954.0,3527.0,88.0,31.0,4.0,76156.0,7009.0,6465.0,145.0,13.0,3.0,123460.0,8435.0,7601.0,308.0,25.0,4.0,134691.0,6858.0,5932.0,77.0,54.0,10.0,112437.0,9996.0,8474.0,188.0,79.0,5.0,186535.0,12316.0,10862.0,263.0,56.0,12.0,236973.0
301,30/12/2020,62466,55460,1386,441.0,484,6,2.218807031,296,55,14,0,13535.0,12272.0,311.0,89.0,18.0,231633.0,3969.0,3551.0,89.0,34.0,3.0,76468.0,7059.0,6482.0,145.0,14.0,2.0,124244.0,8484.0,7630.0,308.0,25.0,3.0,135342.0,6911.0,6016.0,77.0,52.0,11.0,113362.0,10117.0,8557.0,189.0,72.0,7.0,187694.0,12391.0,10952.0,267.0,51.0,11.0,238334.0
302,31/12/2020,62978,55910,1393,438.0,512,7,2.211883515,290,55,-6,0,13669.0,12333.0,311.0,89.0,19.0,233058.0,3993.0,3589.0,90.0,36.0,3.0,76840.0,7108.0,6517.0,145.0,18.0,2.0,125028.0,8553.0,7671.0,308.0,27.0,3.0,135753.0,6941.0,6050.0,78.0,52.0,10.0,114435.0,10232.0,8674.0,191.0,76.0,7.0,188719.0,12482.0,11076.0,270.0,53.0,11.0,239822.0
303,01/01/2021,63510,56338,1400,441.0,532,7,2.204377263,297,57,7,2,13776.0,12377.0,312.0,87.0,20.0,234308.0,4017.0,3618.0,90.0,37.0,2.0,77124.0,7155.0,6545.0,145.0,15.0,2.0,125659.0,8622.0,7712.0,309.0,23.0,2.0,136517.0,6992.0,6126.0,80.0,51.0,12.0,115421.0,10335.0,8798.0,193.0,83.0,8.0,190051.0,12613.0,11162.0,271.0,49.0,9.0,241510.0
304,02/01/2021,63954,56724,1403,412.0,444,3,2.1937642680000002,311,57,14,0,13894.0,12434.0,314.0,92.0,20.0,235418.0,4038.0,3637.0,90.0,39.0,2.0,77386.0,7190.0,6568.0,145.0,16.0,2.0,126196.0,8653.0,7748.0,309.0,24.0,2.0,136922.0,7038.0,6188.0,81.0,44.0,12.0,115751.0,10457.0,8910.0,193.0,87.0,8.0,190999.0,12684.0,11239.0,271.0,52.0,11.0,242347.0
305,03/01/2021,64251,57115,1409,269.0,297,6,2.192961977,311,57,14,0,13940.0,12496.0,314.0,95.0,18.0,236006.0,4049.0,3662.0,90.0,43.0,2.0,77572.0,7223.0,6593.0,145.0,18.0,2.0,126441.0,8683.0,7768.0,309.0,26.0,3.0,137290.0,7064.0,6274.0,83.0,44.0,9.0,116039.0,10523.0,8996.0,197.0,87.0,11.0,191595.0,12769.0,11326.0,271.0,55.0,12.0,243394.0
306,04/01/2021,64715,57401,1414,422.0,464,5,2.1849648459999997,334,54,23,-3,14058.0,12554.0,315.0,83.0,19.0,236832.0,4103.0,3668.0,90.0,45.0,1.0,77922.0,7283.0,6629.0,145.0,17.0,0.0,127325.0,8770.0,7790.0,309.0,25.0,3.0,138003.0,7123.0,6312.0,83.0,39.0,8.0,116387.0,10576.0,9051.0,200.0,74.0,12.0,192423.0,12802.0,11397.0,272.0,51.0,11.0,244550.0
307,05/01/2021,65066,57660,1421,298.0,351,7,2.183936311,342,56,8,2,14144.0,12604.0,321.0,81.0,17.0,237316.0,4125.0,3685.0,90.0,50.0,1.0,78261.0,7328.0,6649.0,145.0,17.0,0.0,128312.0,8832.0,7834.0,310.0,28.0,2.0,138494.0,7167.0,6336.0,83.0,37.0,11.0,116987.0,10636.0,9102.0,200.0,80.0,13.0,193006.0,12834.0,11450.0,272.0,49.0,12.0,245275.0
308,06/01/2021,65750,57925,1427,590.0,684,6,2.1703422053231938,342,57,0,1,14331.0,12637.0,322.0,79.0,18.0,238580.0,4180.0,3700.0,91.0,46.0,1.0,78862.0,7391.0,6668.0,145.0,18.0,0.0,129326.0,8927.0,7881.0,312.0,31.0,1.0,139315.0,7200.0,6377.0,83.0,44.0,11.0,117753.0,10792.0,9151.0,201.0,83.0,13.0,194985.0,12929.0,11511.0,273.0,41.0,13.0,246582.0
